{"stats":{"minecraft:broken":{"minecraft:iron_pickaxe":1,"slashblade:slashblade_wood":1},"minecraft:killed_by":{"artifacts:mimic":1},"minecraft:picked_up":{"minecraft:crafting_table":6,"minecraft:iron_chestplate":1,"minecraft:azure_bluet":2,"gravestone:obituary":1,"minecraft:wooden_sword":2,"minecraft:raw_copper":41,"minecraft:cooked_salmon":5,"minecraft:diamond_leggings":1,"slashblade:slashblade_wood":1,"minecraft:cobbled_deepslate":1412,"minecraft:rose_bush":1,"minecraft:iron_pickaxe":2,"minecraft:melon_slice":90,"minecraft:egg":1,"minecraft:furnace":8,"minecraft:phantom_membrane":1,"minecraft:iron_boots":1,"minecraft:stick":2,"minecraft:raw_iron":42,"minecraft:stone":1,"minecraft:copper_ingot":60,"minecraft:torch":17,"minecraft:redstone":26,"minecraft:diamond_chestplate":1,"minecraft:rotten_flesh":1,"minecraft:diamond_boots":1,"minecraft:gold_ingot":9,"minecraft:mutton":7,"minecraft:white_wool":4,"minecraft:cobblestone":108,"minecraft:potato":3,"minecraft:tuff":87,"minecraft:oak_log":3,"artifacts:flame_pendant":1,"minecraft:lapis_lazuli":106,"minecraft:dirt":48,"minecraft:stone_bricks":477,"minecraft:wheat_seeds":5,"minecraft:raw_gold":39,"minecraft:iron_ingot":7,"minecraft:diamond_helmet":1,"minecraft:oak_planks":59,"slashblade:proudsoul_tiny":1,"minecraft:gravel":6,"minecraft:spruce_sapling":1,"minecraft:spruce_log":2,"minecraft:diamond":19,"minecraft:granite":7,"minecraft:emerald":4,"minecraft:bread":8,"biomesoplenty:pink_daffodil":1,"minecraft:oak_sapling":2,"minecraft:coal":147},"minecraft:crafted":{"minecraft:stone":15,"minecraft:iron_boots":2,"minecraft:stone_bricks":16,"minecraft:diamond_sword":2,"minecraft:diamond_axe":1,"minecraft:crafting_table":2,"minecraft:iron_helmet":1,"minecraft:copper_ingot":71,"minecraft:diamond_pickaxe":2,"minecraft:shield":1,"minecraft:stick":40,"minecraft:iron_ingot":55,"minecraft:gold_ingot":47,"minecraft:iron_leggings":1},"minecraft:killed":{"minecraft:phantom":1,"minecraft:skeleton":1,"artifacts:mimic":1,"minecraft:parrot":1,"minecraft:sheep":4,"minecraft:pillager":2,"minecraft:zombie":3},"minecraft:dropped":{"minecraft:iron_ingot":1,"minecraft:wheat_seeds":1,"biomesoplenty:pink_daffodil":1,"minecraft:oak_log":1,"minecraft:copper_block":6,"minecraft:diamond":10,"minecraft:cobblestone":5,"minecraft:granite":7,"minecraft:emerald":2,"minecraft:dirt":32,"minecraft:rose_bush":1,"gravestone:obituary":11,"minecraft:wooden_sword":2,"minecraft:phantom_membrane":1,"minecraft:iron_pickaxe":1,"minecraft:spruce_sapling":1,"minecraft:redstone":26,"minecraft:gravel":6,"minecraft:furnace":2,"slashblade:proudsoul":1,"minecraft:cobbled_deepslate":1054,"minecraft:tuff":87,"minecraft:oak_planks":3,"minecraft:iron_boots":2,"minecraft:diamond_sword":1,"minecraft:diamond_pickaxe":1,"minecraft:oak_sapling":2,"minecraft:spruce_log":2},"minecraft:custom":{"minecraft:mob_kills":13,"minecraft:inspect_hopper":1,"minecraft:interact_with_crafting_table":23,"minecraft:open_barrel":2,"goblintraders:trade_with_goblin":56,"minecraft:leave_game":2,"minecraft:time_since_death":21491,"minecraft:climb_one_cm":1928,"minecraft:sprint_one_cm":711649,"minecraft:walk_one_cm":562616,"minecraft:drop":68,"minecraft:talked_to_villager":1,"minecraft:play_time":210307,"minecraft:deaths":12,"minecraft:sneak_time":1738,"minecraft:walk_under_water_one_cm":21150,"minecraft:boat_one_cm":259,"minecraft:jump":2944,"minecraft:walk_on_water_one_cm":32639,"minecraft:total_world_time":210307,"minecraft:interact_with_furnace":35,"minecraft:sleep_in_bed":4,"minecraft:time_since_rest":7156,"minecraft:damage_taken":5772,"minecraft:damage_dealt":2969,"minecraft:swim_one_cm":28721,"minecraft:fly_one_cm":374422,"minecraft:open_chest":53,"minecraft:crouch_one_cm":18253,"minecraft:fall_one_cm":72521},"minecraft:used":{"minecraft:cooked_salmon":5,"minecraft:rotten_flesh":1,"minecraft:torch":9,"minecraft:dirt":16,"minecraft:mutton":5,"minecraft:azure_bluet":2,"minecraft:stone_bricks":479,"minecraft:furnace":3,"slashblade:slashblade_wood":60,"minecraft:egg":1,"minecraft:potato":3,"minecraft:cobbled_deepslate":958,"minecraft:oak_planks":5,"minecraft:baked_potato":37,"minecraft:diamond_axe":26,"minecraft:crafting_table":5,"minecraft:diamond_pickaxe":388,"minecraft:melon_slice":2,"minecraft:bread":8,"minecraft:iron_pickaxe":243,"minecraft:diamond_sword":58,"minecraft:cobblestone":2},"minecraft:mined":{"minecraft:tuff":9,"minecraft:deepslate_diamond_ore":14,"minecraft:sculk_vein":4,"minecraft:glow_lichen":3,"gravestone:gravestone":10,"minecraft:granite":1,"minecraft:grass_block":3,"minecraft:sculk_catalyst":1,"minecraft:furnace":6,"minecraft:iron_ore":1,"minecraft:cobbled_deepslate":18,"minecraft:deepslate_lapis_ore":12,"biomesoplenty:high_grass":35,"minecraft:deepslate_iron_ore":26,"minecraft:stone":107,"minecraft:deepslate_redstone_ore":7,"minecraft:crafting_table":6,"minecraft:torch":7,"minecraft:emerald_ore":2,"minecraft:melon":18,"minecraft:sculk_sensor":1,"biomesoplenty:high_grass_plant":57,"minecraft:tall_grass":16,"minecraft:cobblestone":2,"biomesoplenty:huge_clover_petal":3,"minecraft:deepslate_gold_ore":19,"minecraft:sculk":100,"minecraft:wall_torch":3,"biomesoplenty:pink_daffodil":1,"ironchest:diamond_chest":1,"minecraft:grass":37,"minecraft:oak_log":2,"minecraft:coal_ore":133,"minecraft:gravel":1,"minecraft:dirt":45,"minecraft:stone_bricks":34,"minecraft:oak_leaves":8,"minecraft:deepslate":42,"minecraft:fern":5}},"DataVersion":3465}