{"stats":{"minecraft:picked_up":{"minecraft:iron_chestplate":1,"minecraft:crafting_table":5,"minecraft:tuff":1,"minecraft:oak_log":3,"gravestone:obituary":1,"artifacts:flame_pendant":1,"minecraft:lapis_lazuli":51,"minecraft:dirt":45,"minecraft:raw_copper":41,"minecraft:cooked_salmon":5,"minecraft:wheat_seeds":3,"minecraft:cobbled_deepslate":46,"minecraft:raw_gold":18,"minecraft:iron_ingot":7,"minecraft:iron_pickaxe":2,"minecraft:oak_planks":59,"minecraft:iron_boots":1,"minecraft:furnace":2,"minecraft:stick":2,"minecraft:raw_iron":42,"minecraft:copper_ingot":60,"minecraft:torch":14,"minecraft:gravel":6,"minecraft:spruce_sapling":1,"minecraft:spruce_log":2,"minecraft:redstone":26,"minecraft:rotten_flesh":1,"minecraft:diamond":15,"minecraft:granite":6,"minecraft:emerald":2,"minecraft:gold_ingot":9,"minecraft:bread":8,"biomesoplenty:pink_daffodil":1,"minecraft:oak_sapling":1,"minecraft:mutton":7,"minecraft:coal":34,"minecraft:white_wool":4,"minecraft:cobblestone":3},"minecraft:dropped":{"minecraft:gravel":6,"minecraft:iron_ingot":1,"biomesoplenty:pink_daffodil":1,"minecraft:oak_log":1,"minecraft:cobbled_deepslate":31,"minecraft:tuff":1,"minecraft:cobblestone":3,"minecraft:oak_planks":3,"minecraft:iron_boots":2,"minecraft:diamond_sword":1,"minecraft:dirt":29,"minecraft:diamond_pickaxe":1,"minecraft:oak_sapling":1,"gravestone:obituary":10,"minecraft:spruce_log":2,"minecraft:iron_pickaxe":1,"minecraft:spruce_sapling":1,"minecraft:redstone":26},"minecraft:killed_by":{"artifacts:mimic":1},"minecraft:crafted":{"minecraft:diamond_sword":2,"minecraft:diamond_axe":1,"minecraft:crafting_table":2,"minecraft:iron_helmet":1,"minecraft:copper_ingot":60,"minecraft:iron_boots":2,"minecraft:diamond_pickaxe":2,"minecraft:shield":1,"minecraft:stick":40,"minecraft:iron_ingot":52,"minecraft:iron_leggings":1,"minecraft:gold_ingot":25},"minecraft:killed":{"minecraft:sheep":4,"minecraft:zombie":1,"artifacts:mimic":1},"minecraft:custom":{"minecraft:interact_with_furnace":16,"minecraft:mob_kills":6,"minecraft:interact_with_crafting_table":19,"minecraft:open_barrel":2,"goblintraders:trade_with_goblin":56,"minecraft:leave_game":1,"minecraft:time_since_death":25472,"minecraft:sleep_in_bed":1,"minecraft:time_since_rest":24638,"minecraft:sprint_one_cm":236525,"minecraft:damage_taken":4131,"minecraft:walk_one_cm":227991,"minecraft:drop":29,"minecraft:damage_dealt":1438,"minecraft:swim_one_cm":15689,"minecraft:fly_one_cm":122393,"minecraft:crouch_one_cm":324,"minecraft:play_time":95346,"minecraft:deaths":11,"minecraft:sneak_time":339,"minecraft:walk_under_water_one_cm":19757,"minecraft:jump":1408,"minecraft:walk_on_water_one_cm":25510,"minecraft:total_world_time":95346,"minecraft:fall_one_cm":43263},"minecraft:used":{"minecraft:oak_planks":5,"minecraft:rotten_flesh":1,"minecraft:diamond_axe":1,"minecraft:cooked_salmon":5,"minecraft:torch":4,"minecraft:dirt":16,"minecraft:mutton":5,"minecraft:crafting_table":4,"minecraft:diamond_pickaxe":88,"minecraft:bread":8,"minecraft:iron_pickaxe":243,"minecraft:diamond_sword":19,"minecraft:cobbled_deepslate":15},"minecraft:mined":{"minecraft:deepslate_redstone_ore":7,"minecraft:tuff":1,"minecraft:deepslate_diamond_ore":10,"minecraft:sculk_vein":4,"minecraft:torch":5,"minecraft:crafting_table":5,"minecraft:glow_lichen":3,"gravestone:gravestone":9,"minecraft:emerald_ore":2,"minecraft:grass_block":1,"minecraft:sculk_sensor":1,"biomesoplenty:high_grass_plant":57,"minecraft:tall_grass":16,"minecraft:deepslate_gold_ore":11,"biomesoplenty:huge_clover_petal":3,"minecraft:sculk":100,"minecraft:wall_torch":3,"minecraft:furnace":2,"minecraft:sculk_catalyst":1,"minecraft:iron_ore":1,"biomesoplenty:pink_daffodil":1,"minecraft:deepslate_lapis_ore":4,"minecraft:coal_ore":33,"minecraft:grass":35,"minecraft:oak_log":2,"biomesoplenty:high_grass":35,"minecraft:deepslate_iron_ore":26,"minecraft:gravel":1,"minecraft:dirt":44,"minecraft:stone":3,"minecraft:oak_leaves":7,"minecraft:deepslate":37},"minecraft:broken":{"minecraft:iron_pickaxe":1}},"DataVersion":3465}