{"stats":{"minecraft:broken":{"minecraft:iron_pickaxe":1,"slashblade:slashblade_wood":2},"minecraft:killed_by":{"artifacts:mimic":1},"minecraft:picked_up":{"minecraft:crafting_table":7,"minecraft:iron_chestplate":1,"minecraft:azure_bluet":2,"minecraft:oak_stairs":3,"gravestone:obituary":1,"minecraft:wooden_sword":2,"minecraft:raw_copper":41,"minecraft:cooked_salmon":5,"minecraft:flint_and_steel":1,"minecraft:diamond_leggings":1,"minecraft:gold_nugget":1,"slashblade:slashblade_wood":2,"minecraft:cobbled_deepslate":1415,"minecraft:rose_bush":1,"minecraft:iron_pickaxe":2,"minecraft:melon_slice":90,"minecraft:egg":1,"minecraft:furnace":9,"minecraft:phantom_membrane":1,"minecraft:iron_boots":1,"minecraft:stick":6,"minecraft:raw_iron":42,"minecraft:stone":1,"minecraft:copper_ingot":60,"minecraft:torch":19,"minecraft:redstone":26,"minecraft:diamond_chestplate":1,"minecraft:rotten_flesh":7,"minecraft:diamond_boots":1,"minecraft:gold_ingot":9,"minecraft:obsidian":10,"minecraft:mutton":8,"minecraft:white_wool":5,"minecraft:cobblestone":108,"minecraft:birch_log":13,"minecraft:andesite":4,"minecraft:potato":3,"minecraft:tuff":87,"minecraft:oak_log":3,"minecraft:cobbled_deepslate_stairs":12,"artifacts:flame_pendant":1,"minecraft:lapis_lazuli":106,"minecraft:dirt":49,"minecraft:stone_bricks":477,"minecraft:wheat_seeds":6,"minecraft:raw_gold":39,"dynamictrees:birch_seed":5,"minecraft:iron_ingot":7,"minecraft:diamond_helmet":1,"minecraft:oak_planks":61,"slashblade:proudsoul_tiny":1,"minecraft:gravel":6,"minecraft:spruce_sapling":1,"minecraft:grass_block":1,"minecraft:spruce_log":2,"minecraft:diamond":19,"minecraft:granite":7,"minecraft:emerald":4,"minecraft:bread":8,"biomesoplenty:pink_daffodil":1,"minecraft:oak_sapling":2,"minecraft:coal":147},"minecraft:crafted":{"minecraft:oak_door":30,"minecraft:stone":15,"minecraft:iron_boots":2,"minecraft:stone_bricks":16,"minecraft:diamond_sword":2,"minecraft:diamond_axe":1,"minecraft:crafting_table":2,"minecraft:iron_helmet":1,"minecraft:copper_ingot":71,"minecraft:diamond_pickaxe":2,"minecraft:shield":1,"minecraft:stick":40,"minecraft:iron_ingot":55,"minecraft:oak_stairs":8,"minecraft:gold_ingot":47,"minecraft:iron_leggings":1},"minecraft:killed":{"minecraft:phantom":1,"minecraft:skeleton":1,"artifacts:mimic":1,"minecraft:parrot":1,"minecraft:sheep":5,"minecraft:pillager":2,"minecraft:zombie":4},"minecraft:dropped":{"minecraft:iron_ingot":1,"minecraft:wheat_seeds":2,"biomesoplenty:pink_daffodil":1,"minecraft:cobbled_deepslate_stairs":12,"minecraft:oak_log":1,"minecraft:copper_block":6,"dynamictrees:birch_seed":3,"minecraft:diamond":10,"minecraft:cobblestone":5,"minecraft:granite":7,"minecraft:grass_block":1,"minecraft:emerald":2,"minecraft:dirt":33,"minecraft:mutton":1,"minecraft:rose_bush":1,"gravestone:obituary":11,"minecraft:oak_stairs":6,"minecraft:wooden_sword":2,"minecraft:phantom_membrane":1,"minecraft:iron_pickaxe":1,"minecraft:birch_log":8,"minecraft:white_wool":1,"minecraft:spruce_sapling":1,"minecraft:redstone":26,"minecraft:oak_door":28,"minecraft:gravel":6,"minecraft:furnace":2,"slashblade:proudsoul":1,"minecraft:cobbled_deepslate":1055,"minecraft:tuff":87,"minecraft:rotten_flesh":6,"minecraft:oak_planks":5,"minecraft:iron_boots":2,"minecraft:diamond_sword":1,"minecraft:diamond_pickaxe":1,"minecraft:andesite":4,"minecraft:oak_sapling":2,"minecraft:spruce_log":2},"minecraft:custom":{"lootr:looted_stat":1,"minecraft:mob_kills":16,"minecraft:inspect_hopper":1,"minecraft:interact_with_crafting_table":27,"minecraft:open_barrel":2,"goblintraders:trade_with_goblin":56,"minecraft:damage_dealt_resisted":35,"minecraft:leave_game":2,"minecraft:time_since_death":69491,"minecraft:climb_one_cm":1928,"minecraft:sprint_one_cm":929329,"minecraft:walk_one_cm":674185,"minecraft:drop":85,"minecraft:talked_to_villager":1,"minecraft:play_time":258307,"minecraft:deaths":12,"minecraft:sneak_time":2841,"minecraft:walk_under_water_one_cm":32487,"minecraft:boat_one_cm":259,"minecraft:jump":3517,"minecraft:walk_on_water_one_cm":41927,"minecraft:total_world_time":258307,"minecraft:interact_with_furnace":35,"minecraft:sleep_in_bed":4,"minecraft:time_since_rest":55156,"minecraft:damage_taken":7046,"minecraft:damage_dealt":4501,"minecraft:swim_one_cm":45890,"minecraft:fly_one_cm":487288,"minecraft:open_chest":67,"minecraft:crouch_one_cm":21149,"minecraft:fall_one_cm":86250},"minecraft:used":{"minecraft:flint_and_steel":1,"minecraft:cooked_salmon":5,"minecraft:rotten_flesh":1,"minecraft:oak_door":2,"minecraft:torch":15,"minecraft:dirt":16,"minecraft:mutton":5,"minecraft:azure_bluet":2,"minecraft:obsidian":10,"minecraft:oak_stairs":5,"minecraft:stone_bricks":479,"minecraft:furnace":7,"slashblade:slashblade_wood":121,"minecraft:egg":1,"minecraft:potato":3,"minecraft:cobbled_deepslate":969,"minecraft:oak_planks":7,"minecraft:baked_potato":61,"minecraft:diamond_axe":41,"minecraft:crafting_table":8,"minecraft:diamond_pickaxe":412,"minecraft:melon_slice":9,"minecraft:bread":8,"minecraft:iron_pickaxe":243,"minecraft:diamond_sword":100,"minecraft:wooden_sword":1,"minecraft:cobblestone":2},"minecraft:mined":{"minecraft:tuff":9,"minecraft:deepslate_diamond_ore":14,"minecraft:sculk_vein":4,"minecraft:obsidian":10,"minecraft:glow_lichen":3,"gravestone:gravestone":10,"minecraft:granite":1,"minecraft:grass_block":3,"minecraft:sculk_catalyst":1,"minecraft:furnace":7,"minecraft:iron_ore":1,"minecraft:cobbled_deepslate":22,"minecraft:andesite":4,"minecraft:deepslate_lapis_ore":12,"biomesoplenty:high_grass":37,"minecraft:deepslate_iron_ore":26,"minecraft:oak_stairs":3,"minecraft:stone":110,"minecraft:deepslate_redstone_ore":7,"minecraft:crafting_table":7,"minecraft:torch":7,"minecraft:emerald_ore":2,"minecraft:melon":18,"minecraft:sculk_sensor":1,"biomesoplenty:high_grass_plant":58,"minecraft:tall_grass":16,"minecraft:cobblestone":2,"biomesoplenty:huge_clover_petal":3,"minecraft:deepslate_gold_ore":19,"minecraft:oak_planks":2,"minecraft:sculk":100,"minecraft:wall_torch":4,"minecraft:birch_log":5,"biomesoplenty:pink_daffodil":1,"minecraft:birch_leaves":1,"ironchest:diamond_chest":1,"minecraft:grass":39,"biomesoplenty:clover":1,"minecraft:oak_log":2,"minecraft:coal_ore":133,"minecraft:gravel":1,"minecraft:dirt":46,"minecraft:stone_bricks":34,"minecraft:oak_leaves":8,"minecraft:deepslate":42,"minecraft:fern":5}},"DataVersion":3465}