{"stats":{"minecraft:broken":{"minecraft:iron_pickaxe":1,"slashblade:slashblade_wood":2},"minecraft:killed_by":{"artifacts:mimic":1},"minecraft:picked_up":{"minecraft:crafting_table":8,"minecraft:iron_chestplate":1,"minecraft:azure_bluet":2,"minecraft:anvil":2,"refurbished_furniture:wrench":2,"minecraft:oak_stairs":3,"gravestone:obituary":1,"minecraft:raw_copper":41,"minecraft:wooden_sword":2,"minecraft:cooked_salmon":5,"minecraft:flint_and_steel":1,"minecraft:diamond_leggings":1,"minecraft:gold_nugget":2,"slashblade:slashblade_wood":2,"minecraft:cobbled_deepslate":1415,"minecraft:rose_bush":1,"minecraft:iron_pickaxe":2,"minecraft:melon_slice":168,"minecraft:birch_sapling":2,"minecraft:furnace":12,"minecraft:phantom_membrane":1,"minecraft:iron_boots":1,"minecraft:egg":1,"minecraft:stick":10,"minecraft:raw_iron":42,"minecraft:stone":1,"minecraft:copper_ingot":60,"minecraft:torch":22,"minecraft:redstone":26,"minecraft:diamond_chestplate":1,"minecraft:rotten_flesh":7,"minecraft:diamond_boots":1,"minecraft:gold_ingot":9,"minecraft:obsidian":10,"minecraft:mutton":12,"minecraft:iron_bars":3,"minecraft:white_wool":8,"minecraft:cobblestone":148,"minecraft:birch_log":13,"refurbished_furniture:oak_light_ceiling_fan":2,"minecraft:andesite":4,"minecraft:potato":3,"minecraft:tuff":87,"minecraft:oak_log":3,"minecraft:cobbled_deepslate_stairs":12,"artifacts:flame_pendant":1,"minecraft:lapis_lazuli":106,"minecraft:dirt":49,"minecraft:stone_bricks":477,"minecraft:wheat_seeds":6,"minecraft:raw_gold":39,"dynamictrees:birch_seed":7,"minecraft:iron_ingot":7,"minecraft:diamond_helmet":1,"minecraft:oak_planks":61,"slashblade:proudsoul_tiny":1,"minecraft:gravel":6,"refurbished_furniture:workbench":1,"sophisticatedbackpacks:iron_backpack":1,"minecraft:spruce_sapling":1,"minecraft:grass_block":1,"minecraft:white_bed":5,"minecraft:spruce_log":2,"minecraft:diamond":19,"waystones:waystone":1,"minecraft:granite":7,"minecraft:emerald":4,"minecraft:bread":8,"biomesoplenty:pink_daffodil":1,"minecraft:oak_sapling":2,"minecraft:coal":147},"minecraft:crafted":{"minecraft:oak_door":30,"minecraft:birch_slab":18,"slashblade:slashblade_wood":1,"minecraft:stone":15,"minecraft:iron_boots":2,"minecraft:dark_oak_planks":16,"minecraft:stone_bricks":16,"minecraft:diamond_sword":2,"minecraft:diamond_axe":1,"minecraft:crafting_table":2,"minecraft:iron_helmet":1,"minecraft:copper_ingot":71,"minecraft:birch_planks":12,"minecraft:dark_oak_slab":30,"minecraft:diamond_pickaxe":2,"minecraft:shield":1,"minecraft:stick":40,"minecraft:iron_ingot":55,"minecraft:oak_stairs":8,"minecraft:gold_ingot":47,"minecraft:iron_leggings":1,"minecraft:white_bed":1},"minecraft:killed":{"minecraft:phantom":1,"minecraft:skeleton":1,"artifacts:mimic":1,"minecraft:parrot":1,"minecraft:sheep":8,"minecraft:pillager":4,"minecraft:zombie":4},"minecraft:dropped":{"minecraft:iron_ingot":1,"minecraft:wheat_seeds":2,"biomesoplenty:pink_daffodil":1,"minecraft:cobbled_deepslate_stairs":12,"minecraft:oak_log":1,"minecraft:copper_block":6,"dynamictrees:birch_seed":7,"minecraft:diamond":10,"minecraft:cobblestone":227,"minecraft:granite":7,"minecraft:grass_block":1,"minecraft:coal":9,"minecraft:emerald":2,"minecraft:dirt":33,"refurbished_furniture:wrench":2,"refurbished_furniture:oak_light_ceiling_fan":1,"minecraft:mutton":1,"minecraft:melon_slice":80,"minecraft:rose_bush":1,"gravestone:obituary":11,"minecraft:oak_stairs":6,"minecraft:wooden_sword":2,"minecraft:phantom_membrane":1,"minecraft:iron_pickaxe":1,"minecraft:birch_log":8,"minecraft:white_wool":1,"minecraft:spruce_sapling":1,"minecraft:redstone":26,"minecraft:oak_door":28,"minecraft:gravel":6,"minecraft:furnace":2,"slashblade:proudsoul":1,"minecraft:cobbled_deepslate":1055,"minecraft:tuff":87,"minecraft:birch_sapling":2,"minecraft:rotten_flesh":6,"minecraft:oak_planks":5,"minecraft:iron_boots":2,"minecraft:diamond_sword":1,"minecraft:diamond_pickaxe":1,"minecraft:andesite":4,"minecraft:oak_sapling":2,"minecraft:spruce_log":2,"minecraft:iron_bars":3},"minecraft:custom":{"lootr:looted_stat":1,"minecraft:mob_kills":22,"minecraft:inspect_hopper":1,"minecraft:interact_with_crafting_table":29,"minecraft:open_barrel":2,"goblintraders:trade_with_goblin":56,"minecraft:damage_dealt_resisted":35,"minecraft:leave_game":3,"minecraft:time_since_death":129316,"minecraft:climb_one_cm":1928,"minecraft:sprint_one_cm":1189523,"minecraft:walk_one_cm":866827,"minecraft:drop":100,"minecraft:talked_to_villager":1,"minecraft:play_time":318132,"minecraft:deaths":12,"minecraft:sneak_time":4341,"minecraft:walk_under_water_one_cm":35203,"minecraft:boat_one_cm":259,"minecraft:jump":4120,"minecraft:walk_on_water_one_cm":44341,"minecraft:total_world_time":318132,"minecraft:interact_with_furnace":39,"minecraft:sleep_in_bed":6,"minecraft:waystone_activated":2,"minecraft:time_since_rest":53707,"minecraft:damage_taken":7460,"minecraft:damage_dealt":5059,"minecraft:swim_one_cm":55615,"minecraft:fly_one_cm":589661,"minecraft:open_chest":90,"minecraft:crouch_one_cm":37545,"minecraft:fall_one_cm":95777},"minecraft:used":{"minecraft:flint_and_steel":1,"minecraft:cooked_salmon":5,"minecraft:rotten_flesh":1,"minecraft:oak_door":2,"minecraft:torch":20,"minecraft:dirt":16,"minecraft:mutton":5,"minecraft:anvil":2,"minecraft:azure_bluet":2,"minecraft:obsidian":10,"minecraft:dark_oak_planks":1,"minecraft:oak_stairs":5,"minecraft:stone_bricks":479,"minecraft:furnace":10,"slashblade:slashblade_wood":159,"minecraft:egg":1,"minecraft:potato":3,"minecraft:cobbled_deepslate":969,"minecraft:baked_potato":72,"minecraft:oak_planks":7,"minecraft:diamond_axe":43,"minecraft:crafting_table":9,"refurbished_furniture:oak_light_ceiling_fan":1,"minecraft:white_bed":6,"waystones:waystone":1,"minecraft:diamond_pickaxe":440,"minecraft:bread":8,"minecraft:melon_slice":17,"minecraft:iron_pickaxe":243,"minecraft:diamond_sword":107,"minecraft:wooden_sword":1,"minecraft:cobblestone":138,"refurbished_furniture:workbench":1},"minecraft:mined":{"minecraft:tuff":9,"minecraft:white_bed":3,"minecraft:deepslate_diamond_ore":14,"minecraft:sculk_vein":4,"minecraft:obsidian":10,"minecraft:glow_lichen":3,"gravestone:gravestone":10,"minecraft:granite":1,"minecraft:grass_block":3,"minecraft:sculk_catalyst":1,"minecraft:furnace":10,"minecraft:iron_ore":1,"minecraft:cobbled_deepslate":22,"minecraft:andesite":4,"minecraft:deepslate_lapis_ore":12,"minecraft:anvil":2,"biomesoplenty:high_grass":37,"minecraft:deepslate_iron_ore":26,"minecraft:oak_stairs":3,"refurbished_furniture:oak_light_ceiling_fan":1,"minecraft:stone":110,"minecraft:deepslate_redstone_ore":7,"minecraft:crafting_table":8,"minecraft:torch":7,"minecraft:emerald_ore":2,"minecraft:melon":18,"minecraft:sculk_sensor":1,"biomesoplenty:high_grass_plant":58,"minecraft:tall_grass":16,"minecraft:cobblestone":21,"biomesoplenty:huge_clover_petal":3,"minecraft:deepslate_gold_ore":19,"minecraft:oak_planks":2,"minecraft:sculk":100,"minecraft:wall_torch":5,"refurbished_furniture:workbench":1,"minecraft:birch_log":5,"biomesoplenty:pink_daffodil":1,"minecraft:birch_leaves":1,"ironchest:diamond_chest":1,"minecraft:grass":39,"biomesoplenty:clover":1,"minecraft:oak_log":2,"minecraft:coal_ore":133,"minecraft:gravel":1,"minecraft:dirt":46,"minecraft:stone_bricks":34,"minecraft:oak_leaves":8,"minecraft:deepslate":42,"minecraft:fern":5}},"DataVersion":3465}