{"stats":{"minecraft:dropped":{"gravestone:obituary":1},"minecraft:custom":{"minecraft:jump":16,"minecraft:time_since_rest":1899,"minecraft:damage_dealt":9,"minecraft:damage_taken":270,"minecraft:leave_game":2,"minecraft:crouch_one_cm":31,"minecraft:time_since_death":1871,"minecraft:play_time":2905,"minecraft:sprint_one_cm":6198,"minecraft:walk_one_cm":4409,"minecraft:deaths":1,"minecraft:sneak_time":157,"minecraft:total_world_time":2905,"minecraft:drop":1,"minecraft:fly_one_cm":24789},"minecraft:picked_up":{"gravestone:obituary":1}},"DataVersion":3465}