{"stats":{"minecraft:custom":{"minecraft:interact_with_furnace":15,"minecraft:mob_kills":11,"minecraft:interact_with_crafting_table":8,"minecraft:time_since_death":25653,"minecraft:sleep_in_bed":1,"minecraft:climb_one_cm":272,"minecraft:time_since_rest":12851,"minecraft:sprint_one_cm":65956,"minecraft:damage_taken":295,"minecraft:walk_one_cm":80247,"minecraft:damage_dealt":1115,"minecraft:swim_one_cm":1471,"minecraft:fly_one_cm":72629,"minecraft:open_chest":8,"minecraft:crouch_one_cm":3197,"minecraft:play_time":25653,"minecraft:sneak_time":1541,"minecraft:walk_under_water_one_cm":95,"minecraft:jump":534,"minecraft:walk_on_water_one_cm":288,"minecraft:total_world_time":25653,"minecraft:fall_one_cm":14407},"minecraft:picked_up":{"minecraft:birch_log":5,"minecraft:crafting_table":4,"minecraft:feather":2,"minecraft:azure_bluet":1,"minecraft:chicken":2,"minecraft:leather":2,"minecraft:oak_log":8,"gravestone:obituary":1,"minecraft:dirt":9,"minecraft:wheat_seeds":18,"minecraft:beef":1,"minecraft:melon_slice":48,"minecraft:furnace":2,"minecraft:stick":1,"minecraft:raw_iron":9,"minecraft:dandelion":1,"minecraft:porkchop":7,"minecraft:rotten_flesh":4,"minecraft:black_wool":1,"minecraft:mutton":5,"minecraft:coal":53,"minecraft:white_wool":2,"minecraft:cobblestone":52},"minecraft:used":{"minecraft:cooked_mutton":2,"minecraft:stone_sword":214,"minecraft:stone_pickaxe":77,"minecraft:wooden_pickaxe":16,"minecraft:iron_sword":15,"minecraft:cooked_chicken":1,"minecraft:torch":20,"minecraft:crafting_table":4,"minecraft:melon_slice":10,"minecraft:iron_pickaxe":4,"minecraft:stone_axe":11,"minecraft:cobblestone":5,"minecraft:furnace":2},"minecraft:killed":{"minecraft:pig":3,"minecraft:sheep":3,"minecraft:zombie":2,"minecraft:chicken":2,"minecraft:cow":1},"minecraft:crafted":{"minecraft:wooden_sword":1,"minecraft:oak_planks":32,"minecraft:crafting_table":1,"minecraft:wooden_pickaxe":1,"minecraft:cooked_chicken":1,"minecraft:iron_sword":1,"minecraft:furnace":1,"minecraft:birch_planks":20,"minecraft:stone_axe":1,"minecraft:cooked_mutton":2,"minecraft:air":0,"minecraft:shield":1,"minecraft:stick":24,"minecraft:iron_ingot":9,"minecraft:iron_pickaxe":2,"minecraft:stone_pickaxe":1,"minecraft:stone_sword":1,"minecraft:torch":36},"minecraft:mined":{"minecraft:dandelion":1,"minecraft:crafting_table":4,"minecraft:grass_block":2,"minecraft:melon":10,"biomesoplenty:sprout":62,"minecraft:furnace":2,"minecraft:birch_log":5,"minecraft:iron_ore":9,"minecraft:birch_leaves":1,"minecraft:grass":15,"minecraft:coal_ore":29,"minecraft:oak_log":8,"minecraft:dirt":7,"minecraft:stone":52,"minecraft:oak_leaves":4,"minecraft:fern":112}},"DataVersion":3465}