{"stats":{"minecraft:custom":{"minecraft:interact_with_furnace":15,"minecraft:mob_kills":17,"minecraft:interact_with_crafting_table":8,"minecraft:time_since_death":5152,"minecraft:sleep_in_bed":1,"minecraft:climb_one_cm":272,"minecraft:time_since_rest":5187,"minecraft:sprint_one_cm":106304,"minecraft:damage_taken":855,"minecraft:walk_one_cm":114275,"minecraft:damage_blocked_by_shield":495,"minecraft:damage_dealt":1885,"minecraft:swim_one_cm":1471,"minecraft:fly_one_cm":133709,"minecraft:open_chest":8,"minecraft:crouch_one_cm":5485,"minecraft:play_time":37653,"minecraft:deaths":1,"minecraft:sneak_time":2341,"minecraft:walk_under_water_one_cm":167,"minecraft:jump":801,"minecraft:walk_on_water_one_cm":824,"minecraft:total_world_time":37653,"minecraft:fall_one_cm":26361},"minecraft:picked_up":{"minecraft:birch_log":5,"minecraft:crafting_table":4,"minecraft:feather":5,"minecraft:azure_bluet":1,"minecraft:chicken":2,"minecraft:andesite":31,"minecraft:leather":4,"minecraft:oak_log":8,"gravestone:obituary":1,"minecraft:lapis_lazuli":33,"minecraft:dirt":10,"minecraft:wheat_seeds":20,"minecraft:beef":4,"minecraft:melon_slice":48,"minecraft:furnace":2,"minecraft:stick":1,"minecraft:raw_iron":9,"minecraft:dandelion":1,"minecraft:porkchop":10,"minecraft:rotten_flesh":4,"minecraft:black_wool":1,"minecraft:mutton":9,"minecraft:coal":53,"minecraft:white_wool":4,"minecraft:cobblestone":162},"minecraft:used":{"minecraft:cooked_mutton":2,"minecraft:stone_sword":214,"minecraft:stone_pickaxe":112,"minecraft:shield":8,"minecraft:wooden_pickaxe":20,"minecraft:iron_sword":31,"minecraft:cooked_chicken":1,"minecraft:torch":46,"minecraft:crafting_table":4,"minecraft:melon_slice":24,"minecraft:iron_pickaxe":115,"minecraft:stone_axe":11,"minecraft:cobblestone":5,"minecraft:furnace":2},"minecraft:killed":{"minecraft:pig":5,"minecraft:creeper":1,"minecraft:sheep":5,"minecraft:zombie":2,"minecraft:chicken":2,"minecraft:cow":2},"minecraft:crafted":{"minecraft:wooden_sword":1,"minecraft:oak_planks":32,"minecraft:crafting_table":1,"minecraft:wooden_pickaxe":1,"minecraft:cooked_chicken":1,"minecraft:iron_sword":1,"minecraft:furnace":1,"minecraft:birch_planks":20,"minecraft:stone_axe":1,"minecraft:cooked_mutton":2,"minecraft:air":0,"minecraft:shield":1,"minecraft:stick":24,"minecraft:iron_ingot":9,"minecraft:iron_pickaxe":2,"minecraft:stone_pickaxe":1,"minecraft:stone_sword":1,"minecraft:torch":48},"minecraft:mined":{"minecraft:dandelion":1,"minecraft:crafting_table":4,"minecraft:glow_lichen":1,"gravestone:gravestone":1,"minecraft:grass_block":3,"minecraft:melon":10,"biomesoplenty:sprout":62,"minecraft:lapis_ore":5,"minecraft:furnace":2,"minecraft:birch_log":5,"minecraft:iron_ore":9,"minecraft:andesite":33,"minecraft:birch_leaves":1,"minecraft:grass":15,"minecraft:coal_ore":29,"minecraft:oak_log":8,"minecraft:dirt":7,"minecraft:stone":162,"minecraft:oak_leaves":4,"minecraft:fern":112}},"DataVersion":3465}