{"stats":{"minecraft:custom":{"lootr:looted_stat":1,"minecraft:mob_kills":32,"minecraft:interact_with_crafting_table":21,"minecraft:damage_dealt_resisted":169,"minecraft:leave_game":3,"minecraft:time_since_death":27916,"minecraft:climb_one_cm":367,"minecraft:sprint_one_cm":254142,"minecraft:walk_one_cm":385867,"minecraft:damage_blocked_by_shield":2275,"minecraft:drop":34,"minecraft:talked_to_villager":40,"minecraft:play_time":154126,"minecraft:deaths":11,"minecraft:sneak_time":12118,"minecraft:walk_under_water_one_cm":15550,"minecraft:boat_one_cm":54347,"minecraft:jump":2191,"minecraft:walk_on_water_one_cm":9791,"minecraft:total_world_time":154126,"minecraft:interact_with_furnace":27,"minecraft:sleep_in_bed":5,"minecraft:time_since_rest":27539,"minecraft:waystone_activated":1,"minecraft:damage_taken":5320,"minecraft:damage_dealt":5309,"minecraft:swim_one_cm":25200,"minecraft:fly_one_cm":352106,"minecraft:open_chest":29,"minecraft:crouch_one_cm":29612,"minecraft:fall_one_cm":66034},"minecraft:picked_up":{"minecraft:crafting_table":9,"minecraft:azure_bluet":2,"minecraft:chicken":3,"minecraft:leather_leggings":1,"minecraft:gold_block":1,"gravestone:obituary":4,"minecraft:cobbled_deepslate":10,"slashblade:slashblade_wood":1,"minecraft:beef":9,"minecraft:oak_boat":1,"minecraft:melon_slice":48,"minecraft:furnace":5,"minecraft:stick":1,"minecraft:raw_iron":29,"minecraft:torch":3,"minecraft:porkchop":14,"minecraft:diorite":9,"minecraft:redstone":17,"slashblade:proudsoul":1,"minecraft:arrow":1,"minecraft:rotten_flesh":17,"minecraft:mutton":9,"minecraft:white_wool":4,"minecraft:cobblestone":468,"minecraft:birch_log":5,"minecraft:feather":5,"minecraft:basalt":2,"minecraft:salmon":1,"minecraft:andesite":48,"minecraft:leather":12,"minecraft:oak_log":8,"minecraft:lapis_lazuli":120,"minecraft:dirt":20,"minecraft:wheat_seeds":23,"minecraft:raw_gold":15,"minecraft:stone_pickaxe":1,"create:goggles":2,"slashblade:proudsoul_tiny":1,"minecraft:smooth_basalt":7,"minecraft:cooked_porkchop":1,"minecraft:dandelion":2,"minecraft:ink_sac":1,"minecraft:spider_eye":1,"biomesoplenty:mahogany_log":7,"irons_spellbooks:blaze_spell_book":1,"minecraft:granite":57,"minecraft:emerald":2,"minecraft:baked_potato":56,"minecraft:coal":60,"minecraft:black_wool":1},"minecraft:dropped":{"minecraft:birch_planks":1,"minecraft:wheat_seeds":6,"minecraft:lapis_lazuli":51,"minecraft:feather":5,"minecraft:cobblestone":64,"minecraft:leather":6,"minecraft:granite":3,"minecraft:dirt":20,"gravestone:obituary":6,"create:goggles":1,"minecraft:white_wool":4,"minecraft:dandelion":2,"minecraft:smooth_basalt":7,"minecraft:oak_planks":1,"minecraft:azure_bluet":2,"minecraft:spider_eye":1,"minecraft:basalt":2,"minecraft:stone_pickaxe":5,"minecraft:black_wool":1,"slashblade:proudsoul_tiny":2},"minecraft:used":{"minecraft:stone_sword":223,"minecraft:shield":60,"minecraft:iron_sword":112,"minecraft:cooked_chicken":1,"minecraft:torch":107,"minecraft:granite":37,"minecraft:furnace":6,"slashblade:slashblade_wood":2,"minecraft:cooked_beef":5,"minecraft:cooked_mutton":2,"minecraft:stone_pickaxe":451,"minecraft:baked_potato":10,"minecraft:wooden_pickaxe":49,"minecraft:crafting_table":10,"minecraft:melon_slice":35,"minecraft:iron_pickaxe":243,"minecraft:stone_axe":22,"minecraft:cobblestone":114,"minecraft:cooked_porkchop":6,"minecraft:oak_boat":4},"minecraft:killed_by":{"minecraft:spider":1},"minecraft:killed":{"minecraft:spider":1,"minecraft:skeleton":1,"minecraft:chicken":3,"minecraft:pig":5,"minecraft:zombie_villager":1,"minecraft:salmon":2,"minecraft:squid":1,"minecraft:creeper":1,"minecraft:sheep":5,"minecraft:zombie":8,"minecraft:cow":4},"minecraft:broken":{"minecraft:leather_leggings":1,"minecraft:shield":1},"minecraft:crafted":{"minecraft:wooden_sword":1,"minecraft:oak_planks":92,"biomesoplenty:mahogany_planks":28,"minecraft:cooked_chicken":1,"minecraft:furnace":2,"minecraft:cooked_mutton":2,"minecraft:stone_pickaxe":4,"minecraft:cooked_beef":9,"minecraft:oak_slab":12,"minecraft:cooked_porkchop":5,"minecraft:crafting_table":2,"minecraft:wooden_pickaxe":1,"minecraft:iron_sword":1,"minecraft:birch_planks":20,"minecraft:stone_axe":1,"minecraft:air":0,"minecraft:oak_boat":3,"minecraft:iron_chestplate":1,"minecraft:shield":2,"minecraft:stick":44,"minecraft:iron_ingot":25,"minecraft:iron_pickaxe":2,"minecraft:stone_sword":1,"minecraft:iron_leggings":1,"minecraft:torch":104},"minecraft:mined":{"minecraft:glow_lichen":1,"gravestone:gravestone":9,"minecraft:granite":67,"minecraft:grass_block":5,"minecraft:furnace":5,"minecraft:iron_ore":9,"minecraft:andesite":48,"minecraft:deepslate_lapis_ore":2,"minecraft:gold_block":1,"minecraft:deepslate_iron_ore":20,"minecraft:stone":461,"minecraft:deepslate_redstone_ore":4,"minecraft:basalt":2,"minecraft:dandelion":1,"minecraft:crafting_table":9,"minecraft:torch":2,"minecraft:emerald_ore":2,"minecraft:melon":10,"minecraft:sculk_sensor":1,"minecraft:cobblestone":3,"minecraft:lapis_ore":12,"biomesoplenty:sprout":62,"biomesoplenty:huge_clover_petal":4,"minecraft:deepslate_gold_ore":15,"minecraft:sculk":1,"minecraft:diorite":11,"minecraft:wall_torch":1,"minecraft:birch_log":5,"biomesoplenty:mahogany_log":7,"minecraft:birch_leaves":1,"minecraft:grass":15,"biomesoplenty:clover":5,"minecraft:oak_log":8,"minecraft:coal_ore":34,"minecraft:gravel":8,"minecraft:dirt":15,"minecraft:smooth_basalt":15,"minecraft:oak_leaves":5,"minecraft:deepslate":10,"minecraft:fern":112}},"DataVersion":3465}