{"stats":{"minecraft:custom":{"minecraft:interact_with_furnace":18,"minecraft:mob_kills":22,"minecraft:interact_with_crafting_table":13,"minecraft:damage_dealt_resisted":100,"minecraft:leave_game":2,"minecraft:time_since_death":1106,"minecraft:sleep_in_bed":2,"minecraft:climb_one_cm":272,"minecraft:time_since_rest":1134,"minecraft:sprint_one_cm":146976,"minecraft:damage_taken":2594,"minecraft:walk_one_cm":190634,"minecraft:damage_blocked_by_shield":1929,"minecraft:drop":11,"minecraft:damage_dealt":3379,"minecraft:talked_to_villager":4,"minecraft:swim_one_cm":3334,"minecraft:fly_one_cm":188788,"minecraft:open_chest":8,"minecraft:crouch_one_cm":11379,"minecraft:play_time":65655,"minecraft:deaths":5,"minecraft:sneak_time":5236,"minecraft:walk_under_water_one_cm":3989,"minecraft:boat_one_cm":29338,"minecraft:jump":1204,"minecraft:walk_on_water_one_cm":957,"minecraft:total_world_time":65655,"minecraft:fall_one_cm":35652},"minecraft:picked_up":{"minecraft:birch_log":5,"minecraft:crafting_table":7,"minecraft:feather":5,"minecraft:azure_bluet":2,"minecraft:chicken":2,"minecraft:andesite":48,"minecraft:leather":6,"minecraft:oak_log":8,"gravestone:obituary":1,"minecraft:lapis_lazuli":51,"minecraft:dirt":17,"minecraft:wheat_seeds":23,"minecraft:stone_pickaxe":1,"minecraft:beef":9,"minecraft:melon_slice":48,"minecraft:furnace":3,"minecraft:stick":1,"minecraft:raw_iron":9,"minecraft:cooked_porkchop":1,"minecraft:dandelion":2,"minecraft:porkchop":14,"minecraft:diorite":9,"minecraft:arrow":1,"minecraft:rotten_flesh":4,"minecraft:granite":54,"minecraft:mutton":9,"minecraft:black_wool":1,"minecraft:coal":56,"minecraft:white_wool":4,"minecraft:cobblestone":291},"minecraft:dropped":{"minecraft:birch_planks":1,"minecraft:wheat_seeds":6,"minecraft:feather":5,"minecraft:azure_bluet":1,"gravestone:obituary":1,"minecraft:stone_pickaxe":2,"minecraft:black_wool":1,"minecraft:dandelion":2},"minecraft:used":{"minecraft:cooked_mutton":2,"minecraft:stone_sword":217,"minecraft:stone_pickaxe":301,"minecraft:wooden_pickaxe":20,"minecraft:shield":49,"minecraft:iron_sword":63,"minecraft:cooked_chicken":1,"minecraft:torch":55,"minecraft:crafting_table":8,"minecraft:granite":37,"minecraft:melon_slice":35,"minecraft:iron_pickaxe":155,"minecraft:stone_axe":12,"minecraft:cobblestone":17,"minecraft:furnace":3,"minecraft:cooked_porkchop":3,"minecraft:oak_boat":2},"minecraft:killed":{"minecraft:pig":5,"minecraft:creeper":1,"minecraft:skeleton":1,"minecraft:sheep":5,"minecraft:zombie":4,"minecraft:chicken":2,"minecraft:cow":4},"minecraft:crafted":{"minecraft:wooden_sword":1,"minecraft:oak_planks":32,"minecraft:cooked_porkchop":5,"minecraft:crafting_table":1,"minecraft:wooden_pickaxe":1,"minecraft:cooked_chicken":1,"minecraft:iron_sword":1,"minecraft:furnace":1,"minecraft:birch_planks":20,"minecraft:stone_axe":1,"minecraft:cooked_mutton":2,"minecraft:air":0,"minecraft:oak_boat":3,"minecraft:shield":1,"minecraft:stick":40,"minecraft:iron_ingot":9,"minecraft:iron_pickaxe":2,"minecraft:stone_pickaxe":4,"minecraft:stone_sword":1,"minecraft:torch":88},"minecraft:mined":{"minecraft:dandelion":1,"minecraft:crafting_table":7,"minecraft:glow_lichen":1,"gravestone:gravestone":3,"minecraft:granite":54,"minecraft:grass_block":4,"minecraft:melon":10,"biomesoplenty:sprout":62,"minecraft:lapis_ore":8,"minecraft:diorite":10,"minecraft:furnace":3,"minecraft:birch_log":5,"minecraft:iron_ore":9,"minecraft:andesite":48,"minecraft:birch_leaves":1,"biomesoplenty:clover":3,"minecraft:grass":15,"minecraft:oak_log":8,"minecraft:coal_ore":29,"minecraft:gravel":8,"minecraft:dirt":13,"minecraft:stone":296,"minecraft:oak_leaves":5,"minecraft:fern":112}},"DataVersion":3465}