{"stats":{"minecraft:picked_up":{"gravestone:obituary":1,"minecraft:birch_log":5},"minecraft:custom":{"minecraft:jump":20,"minecraft:time_since_rest":1653,"minecraft:crouch_one_cm":672,"minecraft:sprint_one_cm":1552,"minecraft:play_time":1653,"minecraft:time_since_death":1653,"minecraft:walk_one_cm":2987,"minecraft:sneak_time":228,"minecraft:total_world_time":1653,"minecraft:fall_one_cm":418,"minecraft:fly_one_cm":3183},"minecraft:crafted":{"minecraft:birch_planks":20},"minecraft:mined":{"minecraft:birch_log":5,"minecraft:birch_leaves":1}},"DataVersion":3465}