{"stats":{"minecraft:custom":{"minecraft:interact_with_furnace":25,"minecraft:mob_kills":32,"minecraft:interact_with_crafting_table":17,"minecraft:damage_dealt_resisted":155,"minecraft:leave_game":2,"minecraft:time_since_death":50844,"minecraft:sleep_in_bed":3,"minecraft:climb_one_cm":367,"minecraft:time_since_rest":37135,"minecraft:sprint_one_cm":214422,"minecraft:damage_taken":4282,"minecraft:walk_one_cm":302406,"minecraft:damage_blocked_by_shield":2050,"minecraft:drop":34,"minecraft:damage_dealt":4763,"minecraft:swim_one_cm":25200,"minecraft:talked_to_villager":10,"minecraft:fly_one_cm":289813,"minecraft:open_chest":18,"minecraft:crouch_one_cm":24394,"minecraft:play_time":118291,"minecraft:deaths":8,"minecraft:sneak_time":10928,"minecraft:walk_under_water_one_cm":15550,"minecraft:boat_one_cm":54347,"minecraft:jump":1894,"minecraft:walk_on_water_one_cm":9766,"minecraft:total_world_time":118291,"minecraft:fall_one_cm":56745},"minecraft:picked_up":{"minecraft:birch_log":5,"minecraft:crafting_table":8,"minecraft:feather":5,"minecraft:azure_bluet":2,"minecraft:basalt":2,"minecraft:chicken":3,"minecraft:salmon":1,"minecraft:leather_leggings":1,"minecraft:andesite":48,"minecraft:leather":12,"minecraft:oak_log":8,"gravestone:obituary":4,"minecraft:lapis_lazuli":108,"minecraft:dirt":20,"minecraft:wheat_seeds":23,"slashblade:slashblade_wood":1,"minecraft:cobbled_deepslate":6,"minecraft:raw_gold":13,"minecraft:beef":9,"minecraft:stone_pickaxe":1,"minecraft:oak_boat":1,"create:goggles":2,"minecraft:melon_slice":48,"minecraft:furnace":4,"slashblade:proudsoul_tiny":1,"minecraft:stick":1,"minecraft:raw_iron":26,"minecraft:smooth_basalt":7,"minecraft:cooked_porkchop":1,"minecraft:torch":1,"minecraft:dandelion":2,"minecraft:porkchop":14,"minecraft:ink_sac":1,"minecraft:diorite":9,"minecraft:redstone":17,"minecraft:spider_eye":1,"biomesoplenty:mahogany_log":7,"irons_spellbooks:blaze_spell_book":1,"slashblade:proudsoul":1,"minecraft:arrow":1,"minecraft:rotten_flesh":11,"minecraft:granite":57,"minecraft:emerald":2,"minecraft:baked_potato":56,"minecraft:black_wool":1,"minecraft:mutton":9,"minecraft:coal":60,"minecraft:white_wool":4,"minecraft:cobblestone":468},"minecraft:dropped":{"minecraft:birch_planks":1,"minecraft:wheat_seeds":6,"minecraft:lapis_lazuli":51,"minecraft:feather":5,"minecraft:cobblestone":64,"minecraft:oak_planks":1,"minecraft:leather":6,"minecraft:granite":3,"minecraft:azure_bluet":2,"minecraft:dirt":20,"gravestone:obituary":6,"minecraft:spider_eye":1,"minecraft:basalt":2,"create:goggles":1,"minecraft:stone_pickaxe":5,"minecraft:white_wool":4,"minecraft:smooth_basalt":7,"slashblade:proudsoul_tiny":2,"minecraft:black_wool":1,"minecraft:dandelion":2},"minecraft:used":{"minecraft:cooked_mutton":2,"minecraft:stone_sword":223,"minecraft:stone_pickaxe":451,"minecraft:baked_potato":10,"minecraft:wooden_pickaxe":49,"minecraft:shield":53,"minecraft:iron_sword":96,"minecraft:cooked_chicken":1,"minecraft:torch":102,"minecraft:crafting_table":10,"minecraft:granite":37,"minecraft:melon_slice":35,"minecraft:iron_pickaxe":230,"minecraft:stone_axe":21,"minecraft:cobblestone":114,"minecraft:furnace":6,"minecraft:cooked_porkchop":6,"slashblade:slashblade_wood":2,"minecraft:oak_boat":4,"minecraft:cooked_beef":4},"minecraft:killed":{"minecraft:pig":5,"minecraft:zombie_villager":1,"minecraft:salmon":2,"minecraft:spider":1,"minecraft:squid":1,"minecraft:creeper":1,"minecraft:skeleton":1,"minecraft:sheep":5,"minecraft:zombie":8,"minecraft:chicken":3,"minecraft:cow":4},"minecraft:broken":{"minecraft:shield":1,"minecraft:leather_leggings":1},"minecraft:crafted":{"minecraft:cooked_beef":9,"minecraft:wooden_sword":1,"minecraft:oak_planks":32,"minecraft:cooked_porkchop":5,"minecraft:crafting_table":2,"biomesoplenty:mahogany_planks":28,"minecraft:wooden_pickaxe":1,"minecraft:cooked_chicken":1,"minecraft:iron_sword":1,"minecraft:furnace":2,"minecraft:birch_planks":20,"minecraft:stone_axe":1,"minecraft:cooked_mutton":2,"minecraft:air":0,"minecraft:oak_boat":3,"minecraft:iron_chestplate":1,"minecraft:shield":1,"minecraft:stick":44,"minecraft:iron_leggings":1,"minecraft:iron_ingot":25,"minecraft:iron_pickaxe":2,"minecraft:stone_pickaxe":4,"minecraft:stone_sword":1,"minecraft:torch":104},"minecraft:mined":{"minecraft:deepslate_redstone_ore":4,"minecraft:basalt":2,"minecraft:dandelion":1,"minecraft:crafting_table":8,"minecraft:glow_lichen":1,"gravestone:gravestone":8,"minecraft:granite":67,"minecraft:emerald_ore":2,"minecraft:grass_block":5,"minecraft:melon":10,"minecraft:sculk_sensor":1,"minecraft:deepslate_gold_ore":13,"minecraft:cobblestone":3,"biomesoplenty:huge_clover_petal":4,"biomesoplenty:sprout":62,"minecraft:lapis_ore":12,"minecraft:sculk":1,"minecraft:diorite":11,"minecraft:wall_torch":1,"minecraft:furnace":4,"biomesoplenty:mahogany_log":7,"minecraft:birch_log":5,"minecraft:iron_ore":9,"minecraft:andesite":48,"minecraft:birch_leaves":1,"minecraft:grass":15,"biomesoplenty:clover":5,"minecraft:oak_log":8,"minecraft:coal_ore":34,"minecraft:deepslate_iron_ore":17,"minecraft:dirt":15,"minecraft:gravel":8,"minecraft:smooth_basalt":15,"minecraft:stone":461,"minecraft:deepslate":6,"minecraft:oak_leaves":5,"minecraft:fern":112}},"DataVersion":3465}