{"stats":{"minecraft:custom":{"lootr:looted_stat":2,"minecraft:interact_with_anvil":6,"minecraft:mob_kills":61,"minecraft:inspect_hopper":1,"minecraft:interact_with_crafting_table":53,"minecraft:damage_dealt_resisted":228,"minecraft:leave_game":4,"minecraft:time_since_death":19166,"minecraft:climb_one_cm":367,"minecraft:sprint_one_cm":502923,"minecraft:walk_one_cm":690119,"minecraft:damage_blocked_by_shield":2275,"minecraft:drop":114,"minecraft:talked_to_villager":58,"minecraft:play_time":264084,"minecraft:deaths":22,"minecraft:sneak_time":15187,"minecraft:walk_under_water_one_cm":22309,"minecraft:boat_one_cm":120212,"minecraft:jump":4515,"minecraft:walk_on_water_one_cm":23431,"minecraft:total_world_time":264084,"minecraft:interact_with_furnace":77,"minecraft:sleep_in_bed":7,"minecraft:time_since_rest":19195,"minecraft:waystone_activated":1,"minecraft:damage_taken":9205,"minecraft:damage_dealt":8796,"minecraft:swim_one_cm":34231,"minecraft:fly_one_cm":788444,"minecraft:open_chest":141,"minecraft:crouch_one_cm":39445,"minecraft:fall_one_cm":130394},"minecraft:picked_up":{"minecraft:crafting_table":11,"minecraft:azure_bluet":2,"minecraft:chicken":9,"minecraft:leather_leggings":1,"minecraft:gold_block":1,"bakery:strawberry_seeds":1,"gravestone:obituary":7,"biomesoplenty:black_sand":4,"minecraft:gold_nugget":45,"irons_spellbooks:arcane_essence":2,"minecraft:cobbled_deepslate":10,"slashblade:slashblade_wood":1,"minecraft:spruce_planks":18,"minecraft:beef":13,"minecraft:oak_boat":1,"minecraft:observer":5,"minecraft:melon_slice":48,"minecraft:sugar_cane":45,"minecraft:chest":2,"minecraft:piston":1,"minecraft:phantom_membrane":2,"minecraft:egg":1,"minecraft:furnace":7,"minecraft:stick":1,"minecraft:raw_iron":29,"minecraft:torch":3,"minecraft:porkchop":14,"minecraft:diorite":9,"minecraft:redstone":17,"slashblade:proudsoul":1,"minecraft:arrow":1,"minecraft:rotten_flesh":27,"minecraft:mutton":13,"minecraft:white_wool":7,"minecraft:cobblestone":660,"minecraft:birch_log":5,"minecraft:feather":16,"minecraft:basalt":2,"minecraft:salmon":3,"minecraft:andesite":48,"minecraft:leather":14,"minecraft:red_mushroom":1,"minecraft:potato":16,"biomesoplenty:mahogany_boat":1,"minecraft:oak_log":8,"minecraft:lapis_lazuli":120,"minecraft:dirt":48,"minecraft:wheat_seeds":151,"minecraft:raw_gold":15,"minecraft:stone_pickaxe":1,"create:goggles":2,"slashblade:proudsoul_tiny":1,"bakery:strawberry":1,"minecraft:smooth_basalt":7,"minecraft:cooked_porkchop":1,"minecraft:pumpkin":1,"minecraft:sweet_berries":4,"minecraft:quartz":16,"minecraft:dandelion":2,"minecraft:sand":14,"minecraft:ink_sac":1,"minecraft:spider_eye":1,"biomesoplenty:mahogany_log":7,"irons_spellbooks:blaze_spell_book":1,"minecraft:diamond":133,"minecraft:lever":1,"waystones:waystone":2,"minecraft:granite":57,"minecraft:emerald":2,"minecraft:netherrack":112,"minecraft:baked_potato":56,"minecraft:hopper":1,"minecraft:coal":61,"minecraft:black_wool":1},"minecraft:dropped":{"minecraft:birch_planks":1,"minecraft:wheat_seeds":70,"minecraft:lapis_lazuli":51,"minecraft:diamond":133,"minecraft:feather":5,"minecraft:cobblestone":64,"bakery:strawberry":1,"minecraft:leather":6,"minecraft:granite":3,"minecraft:red_mushroom":1,"minecraft:dirt":27,"biomesoplenty:mahogany_boat":1,"irons_spellbooks:arcane_essence":1,"gravestone:obituary":12,"minecraft:gold_nugget":24,"minecraft:pumpkin":1,"create:goggles":1,"minecraft:white_wool":4,"minecraft:dandelion":2,"minecraft:smooth_basalt":7,"minecraft:sugar_cane":1,"minecraft:oak_planks":1,"minecraft:azure_bluet":2,"minecraft:spider_eye":1,"minecraft:basalt":2,"minecraft:stone_pickaxe":5,"minecraft:black_wool":1,"slashblade:proudsoul_tiny":2},"minecraft:used":{"minecraft:stone_sword":223,"minecraft:redstone":8,"minecraft:chest":4,"minecraft:shield":60,"minecraft:stone":30,"minecraft:iron_sword":169,"minecraft:wooden_shovel":10,"minecraft:cooked_salmon":2,"minecraft:cooked_chicken":5,"minecraft:netherrack":16,"minecraft:torch":107,"minecraft:dirt":9,"minecraft:hopper":2,"minecraft:granite":37,"minecraft:spruce_boat":1,"minecraft:glass":2,"minecraft:sweet_berries":4,"minecraft:furnace":8,"slashblade:slashblade_wood":2,"minecraft:potato":7,"minecraft:cooked_beef":9,"minecraft:observer":13,"minecraft:wheat_seeds":2,"minecraft:cooked_mutton":6,"minecraft:water_bucket":11,"minecraft:stone_pickaxe":487,"minecraft:baked_potato":15,"minecraft:wooden_pickaxe":111,"minecraft:sugar_cane":44,"minecraft:sand":1,"minecraft:crafting_table":12,"minecraft:piston":11,"minecraft:diamond_pickaxe":5,"minecraft:melon_slice":35,"minecraft:iron_pickaxe":496,"minecraft:stone_axe":22,"minecraft:wooden_sword":40,"minecraft:cobblestone":172,"minecraft:cooked_porkchop":6,"minecraft:bucket":11,"minecraft:oak_boat":4},"minecraft:killed_by":{"irons_spellbooks:summoned_skeleton":1,"minecraft:spider":1,"minecraft:phantom":2},"minecraft:killed":{"irons_spellbooks:summoned_zombie":1,"minecraft:spider":1,"minecraft:phantom":3,"minecraft:skeleton":1,"minecraft:chicken":9,"irons_spellbooks:summoned_skeleton":2,"minecraft:pig":5,"minecraft:zombie_villager":7,"minecraft:salmon":6,"irons_spellbooks:necromancer":1,"minecraft:squid":1,"minecraft:creeper":1,"minecraft:sheep":8,"minecraft:zombie":8,"minecraft:cow":7},"minecraft:broken":{"minecraft:leather_leggings":1,"minecraft:wooden_pickaxe":1,"minecraft:shield":1,"minecraft:iron_pickaxe":1},"minecraft:crafted":{"minecraft:wooden_sword":3,"minecraft:oak_planks":184,"biomesoplenty:mahogany_planks":28,"minecraft:cooked_chicken":5,"minecraft:furnace":3,"minecraft:piston":10,"minecraft:stone":30,"minecraft:cooked_mutton":6,"minecraft:glass":13,"minecraft:hopper":1,"minecraft:stone_pickaxe":5,"minecraft:chest":3,"minecraft:spruce_boat":1,"minecraft:observer":8,"minecraft:cooked_beef":13,"minecraft:oak_slab":12,"minecraft:wooden_shovel":2,"minecraft:cooked_porkchop":5,"minecraft:crafting_table":3,"minecraft:baked_potato":13,"minecraft:wooden_pickaxe":5,"minecraft:iron_sword":2,"minecraft:cooked_salmon":2,"minecraft:bucket":2,"minecraft:birch_planks":20,"minecraft:stone_axe":1,"minecraft:air":0,"minecraft:oak_boat":3,"minecraft:iron_chestplate":2,"minecraft:diamond_pickaxe":1,"minecraft:shield":2,"minecraft:stick":84,"minecraft:iron_ingot":67,"minecraft:iron_pickaxe":3,"minecraft:wooden_axe":1,"minecraft:stone_sword":1,"minecraft:iron_leggings":2,"minecraft:torch":104},"minecraft:mined":{"minecraft:nether_gold_ore":6,"minecraft:farmland":1,"minecraft:glow_lichen":1,"gravestone:gravestone":18,"minecraft:granite":67,"minecraft:grass_block":21,"minecraft:hopper":1,"minecraft:red_mushroom":1,"minecraft:furnace":7,"minecraft:iron_ore":9,"minecraft:andesite":48,"minecraft:pumpkin":1,"minecraft:deepslate_lapis_ore":2,"minecraft:gold_block":1,"minecraft:potatoes":3,"minecraft:deepslate_iron_ore":20,"minecraft:stone":638,"minecraft:deepslate_redstone_ore":4,"minecraft:basalt":2,"minecraft:observer":5,"biomesoplenty:black_sand":4,"minecraft:dandelion":1,"minecraft:crafting_table":11,"minecraft:torch":2,"minecraft:emerald_ore":2,"bakery:wild_strawberries":2,"minecraft:melon":10,"minecraft:chest":2,"minecraft:sculk_sensor":1,"minecraft:glass":1,"minecraft:nether_quartz_ore":16,"minecraft:cobblestone":19,"minecraft:lapis_ore":12,"biomesoplenty:sprout":62,"biomesoplenty:huge_clover_petal":5,"minecraft:deepslate_gold_ore":15,"minecraft:sugar_cane":17,"minecraft:sculk":1,"minecraft:diorite":11,"minecraft:wall_torch":1,"minecraft:birch_log":5,"biomesoplenty:mahogany_log":7,"minecraft:sweet_berry_bush":1,"minecraft:birch_leaves":1,"minecraft:grass":19,"biomesoplenty:clover":5,"minecraft:oak_log":8,"minecraft:coal_ore":35,"minecraft:sand":14,"minecraft:gravel":8,"minecraft:dirt":26,"minecraft:smooth_basalt":15,"minecraft:netherrack":114,"minecraft:piston":1,"minecraft:oak_leaves":6,"minecraft:deepslate":10,"minecraft:fern":112}},"DataVersion":3465}