{"stats":{"minecraft:picked_up":{"minecraft:birch_log":5,"minecraft:stick":1,"minecraft:raw_iron":2,"minecraft:crafting_table":2,"minecraft:feather":2,"minecraft:chicken":1,"minecraft:oak_log":8,"gravestone:obituary":1,"minecraft:dirt":9,"minecraft:rotten_flesh":4,"minecraft:wheat_seeds":1,"minecraft:black_wool":1,"minecraft:mutton":2,"minecraft:coal":36,"minecraft:cobblestone":47,"minecraft:furnace":1},"minecraft:custom":{"minecraft:time_since_rest":851,"minecraft:interact_with_furnace":10,"minecraft:sprint_one_cm":22557,"minecraft:damage_taken":205,"minecraft:walk_one_cm":46393,"minecraft:mob_kills":4,"minecraft:damage_dealt":515,"minecraft:swim_one_cm":1471,"minecraft:interact_with_crafting_table":4,"minecraft:fly_one_cm":17818,"minecraft:open_chest":8,"minecraft:crouch_one_cm":2517,"minecraft:play_time":13653,"minecraft:sneak_time":1252,"minecraft:walk_under_water_one_cm":95,"minecraft:jump":222,"minecraft:time_since_death":13653,"minecraft:walk_on_water_one_cm":288,"minecraft:sleep_in_bed":1,"minecraft:total_world_time":13653,"minecraft:fall_one_cm":4023},"minecraft:used":{"minecraft:cooked_mutton":2,"minecraft:stone_sword":23,"minecraft:stone_pickaxe":60,"minecraft:wooden_pickaxe":15,"minecraft:torch":20,"minecraft:stone_axe":9,"minecraft:cobblestone":5,"minecraft:crafting_table":2,"minecraft:furnace":1},"minecraft:killed":{"minecraft:sheep":1,"minecraft:zombie":2,"minecraft:chicken":1},"minecraft:crafted":{"minecraft:wooden_sword":1,"minecraft:oak_planks":8,"minecraft:crafting_table":1,"minecraft:stick":20,"minecraft:wooden_pickaxe":1,"minecraft:stone_pickaxe":1,"minecraft:stone_sword":1,"minecraft:furnace":1,"minecraft:torch":36,"minecraft:birch_planks":20,"minecraft:stone_axe":1,"minecraft:air":0,"minecraft:cooked_mutton":2},"minecraft:mined":{"minecraft:furnace":1,"minecraft:iron_ore":2,"minecraft:birch_log":5,"minecraft:birch_leaves":1,"minecraft:crafting_table":2,"minecraft:oak_log":8,"minecraft:grass_block":2,"minecraft:coal_ore":23,"minecraft:dirt":7,"minecraft:stone":47,"minecraft:oak_leaves":4}},"DataVersion":3465}