{"stats":{"minecraft:custom":{"minecraft:interact_with_furnace":19,"minecraft:mob_kills":30,"minecraft:interact_with_crafting_table":13,"minecraft:damage_dealt_resisted":155,"minecraft:leave_game":2,"minecraft:time_since_death":20844,"minecraft:sleep_in_bed":3,"minecraft:climb_one_cm":272,"minecraft:time_since_rest":7135,"minecraft:sprint_one_cm":184187,"minecraft:damage_taken":3523,"minecraft:walk_one_cm":258558,"minecraft:damage_blocked_by_shield":2050,"minecraft:drop":23,"minecraft:damage_dealt":4633,"minecraft:swim_one_cm":7674,"minecraft:talked_to_villager":10,"minecraft:fly_one_cm":250292,"minecraft:open_chest":18,"minecraft:crouch_one_cm":12683,"minecraft:play_time":88291,"minecraft:deaths":8,"minecraft:sneak_time":5688,"minecraft:walk_under_water_one_cm":8769,"minecraft:boat_one_cm":54347,"minecraft:jump":1518,"minecraft:walk_on_water_one_cm":4209,"minecraft:total_world_time":88291,"minecraft:fall_one_cm":45725},"minecraft:picked_up":{"minecraft:birch_log":5,"minecraft:crafting_table":7,"minecraft:feather":5,"minecraft:azure_bluet":2,"minecraft:chicken":3,"minecraft:salmon":1,"minecraft:leather_leggings":1,"minecraft:andesite":48,"minecraft:leather":12,"minecraft:oak_log":8,"gravestone:obituary":4,"minecraft:lapis_lazuli":108,"minecraft:dirt":20,"minecraft:wheat_seeds":23,"slashblade:slashblade_wood":1,"minecraft:beef":9,"minecraft:stone_pickaxe":1,"minecraft:oak_boat":1,"create:goggles":2,"minecraft:melon_slice":48,"minecraft:furnace":3,"slashblade:proudsoul_tiny":1,"minecraft:stick":1,"minecraft:raw_iron":9,"minecraft:cooked_porkchop":1,"minecraft:torch":1,"minecraft:dandelion":2,"minecraft:porkchop":14,"minecraft:diorite":9,"minecraft:spider_eye":1,"irons_spellbooks:blaze_spell_book":1,"slashblade:proudsoul":1,"minecraft:arrow":1,"minecraft:rotten_flesh":11,"minecraft:granite":57,"minecraft:baked_potato":56,"minecraft:black_wool":1,"minecraft:mutton":9,"minecraft:coal":56,"minecraft:white_wool":4,"minecraft:cobblestone":408},"minecraft:dropped":{"minecraft:birch_planks":1,"minecraft:wheat_seeds":6,"minecraft:lapis_lazuli":51,"minecraft:feather":5,"minecraft:oak_planks":1,"minecraft:leather":6,"minecraft:granite":3,"minecraft:azure_bluet":2,"gravestone:obituary":3,"minecraft:spider_eye":1,"create:goggles":1,"minecraft:stone_pickaxe":2,"slashblade:proudsoul_tiny":2,"minecraft:black_wool":1,"minecraft:dandelion":2},"minecraft:used":{"minecraft:cooked_mutton":2,"minecraft:stone_sword":223,"minecraft:stone_pickaxe":417,"minecraft:baked_potato":2,"minecraft:wooden_pickaxe":20,"minecraft:shield":53,"minecraft:iron_sword":93,"minecraft:cooked_chicken":1,"minecraft:torch":62,"minecraft:crafting_table":8,"minecraft:granite":37,"minecraft:melon_slice":35,"minecraft:iron_pickaxe":155,"minecraft:stone_axe":13,"minecraft:cobblestone":34,"minecraft:furnace":4,"minecraft:cooked_porkchop":5,"slashblade:slashblade_wood":2,"minecraft:oak_boat":4},"minecraft:killed":{"minecraft:pig":5,"minecraft:zombie_villager":1,"minecraft:salmon":1,"minecraft:spider":1,"minecraft:creeper":1,"minecraft:skeleton":1,"minecraft:sheep":5,"minecraft:zombie":8,"minecraft:chicken":3,"minecraft:cow":4},"minecraft:broken":{"minecraft:shield":1},"minecraft:crafted":{"minecraft:wooden_sword":1,"minecraft:oak_planks":32,"minecraft:cooked_porkchop":5,"minecraft:crafting_table":1,"minecraft:wooden_pickaxe":1,"minecraft:cooked_chicken":1,"minecraft:iron_sword":1,"minecraft:furnace":1,"minecraft:birch_planks":20,"minecraft:stone_axe":1,"minecraft:cooked_mutton":2,"minecraft:air":0,"minecraft:oak_boat":3,"minecraft:shield":1,"minecraft:stick":40,"minecraft:iron_ingot":9,"minecraft:iron_pickaxe":2,"minecraft:stone_pickaxe":4,"minecraft:stone_sword":1,"minecraft:torch":88},"minecraft:mined":{"minecraft:dandelion":1,"minecraft:crafting_table":7,"minecraft:glow_lichen":1,"gravestone:gravestone":8,"minecraft:granite":67,"minecraft:grass_block":5,"minecraft:melon":10,"biomesoplenty:huge_clover_petal":4,"biomesoplenty:sprout":62,"minecraft:lapis_ore":12,"minecraft:diorite":10,"minecraft:wall_torch":1,"minecraft:furnace":3,"minecraft:birch_log":5,"minecraft:iron_ore":9,"minecraft:andesite":48,"minecraft:birch_leaves":1,"minecraft:grass":15,"biomesoplenty:clover":5,"minecraft:oak_log":8,"minecraft:coal_ore":29,"minecraft:dirt":15,"minecraft:gravel":8,"minecraft:stone":394,"minecraft:oak_leaves":5,"minecraft:fern":112}},"DataVersion":3465}