{"stats":{"minecraft:dropped":{"minecraft:iron_ingot":9,"minecraft:bread":8,"minecraft:lapis_lazuli":6,"minecraft:diamond":6,"minecraft:copper_ingot":60,"minecraft:coal":3,"minecraft:torch":6,"minecraft:wooden_hoe":1,"minecraft:mutton":4,"minecraft:cooked_salmon":5,"gravestone:obituary":8,"minecraft:iron_pickaxe":1,"minecraft:white_wool":6,"minecraft:spruce_sapling":1,"minecraft:redstone":204,"minecraft:dandelion":1,"minecraft:gold_ingot":9,"minecraft:gravel":5,"minecraft:raw_copper":41,"minecraft:birch_sapling":3,"minecraft:raw_iron":2,"minecraft:rotten_flesh":2,"minecraft:oak_planks":59,"minecraft:iron_chestplate":1,"minecraft:stone_brick_wall":2,"minecraft:oak_sapling":2},"minecraft:killed_by":{"minecraft:player":1},"minecraft:crafted":{"minecraft:oak_planks":128,"minecraft:raw_iron":27,"minecraft:cooked_chicken":1,"minecraft:furnace":4,"minecraft:bone_meal":3,"minecraft:raw_copper_block":11,"minecraft:cooked_mutton":1,"minecraft:iron_axe":2,"minecraft:stone_pickaxe":1,"minecraft:raw_iron_block":3,"minecraft:coal_block":9,"minecraft:cooked_porkchop":4,"minecraft:crafting_table":5,"minecraft:spruce_planks":36,"minecraft:wooden_pickaxe":1,"minecraft:iron_helmet":1,"minecraft:cooked_salmon":6,"minecraft:copper_ingot":60,"minecraft:bucket":1,"minecraft:birch_planks":24,"minecraft:stone_axe":1,"minecraft:bread":4,"minecraft:air":0,"minecraft:wooden_hoe":1,"minecraft:iron_chestplate":2,"minecraft:charcoal":14,"minecraft:shield":1,"minecraft:stick":84,"minecraft:iron_ingot":58,"minecraft:iron_pickaxe":3,"minecraft:wooden_axe":1,"minecraft:iron_leggings":1,"minecraft:iron_shovel":1,"minecraft:gold_ingot":9,"minecraft:torch":208},"minecraft:killed":{"minecraft:skeleton":4,"minecraft:chicken":1,"mowziesmobs:grottol":1,"minecraft:pig":2,"graveyard:ghoul":1,"minecraft:salmon":13,"minecraft:creeper":1,"minecraft:sheep":4,"minecraft:zombie":10},"minecraft:custom":{"minecraft:mob_kills":37,"minecraft:interact_with_crafting_table":36,"minecraft:open_barrel":2,"goblintraders:trade_with_goblin":47,"minecraft:leave_game":10,"minecraft:time_since_death":109034,"minecraft:sprint_one_cm":351193,"minecraft:walk_one_cm":232507,"minecraft:damage_blocked_by_shield":1425,"minecraft:drop":72,"minecraft:play_time":186055,"minecraft:deaths":8,"minecraft:sneak_time":23313,"minecraft:walk_under_water_one_cm":33834,"minecraft:jump":2238,"minecraft:walk_on_water_one_cm":32413,"minecraft:total_world_time":186055,"minecraft:interact_with_furnace":80,"minecraft:time_since_rest":109067,"minecraft:damage_taken":5207,"minecraft:damage_dealt":4277,"minecraft:swim_one_cm":21692,"minecraft:fly_one_cm":455299,"minecraft:crouch_one_cm":90166,"minecraft:aviate_one_cm":348348,"minecraft:fall_one_cm":65080},"minecraft:mined":{"minecraft:tuff":11,"minecraft:farmland":6,"minecraft:deepslate_diamond_ore":5,"minecraft:glow_lichen":1,"gravestone:gravestone":6,"minecraft:granite":5,"minecraft:grass_block":3,"minecraft:stone_brick_wall":1,"minecraft:spruce_leaves":8,"minecraft:sculk_catalyst":1,"minecraft:furnace":14,"minecraft:iron_ore":55,"minecraft:cobbled_deepslate":2,"minecraft:andesite":6,"minecraft:stripped_spruce_log":1,"minecraft:deepslate_lapis_ore":2,"minecraft:sculk_shrieker":2,"biomesoplenty:high_grass":14,"minecraft:deepslate_iron_ore":30,"minecraft:stone":245,"minecraft:deepslate_redstone_ore":16,"minecraft:smoker":1,"minecraft:crafting_table":12,"minecraft:torch":14,"minecraft:sculk_sensor":5,"biomesoplenty:high_grass_plant":27,"minecraft:tall_grass":1,"minecraft:copper_ore":51,"minecraft:cobblestone":10,"minecraft:lapis_ore":2,"minecraft:deepslate_gold_ore":14,"minecraft:oak_planks":2,"minecraft:sculk":32,"minecraft:wall_torch":10,"minecraft:birch_log":6,"minecraft:wheat":12,"minecraft:spruce_log":37,"minecraft:birch_leaves":1,"minecraft:grass":29,"minecraft:oak_log":53,"minecraft:coal_ore":127,"minecraft:gravel":2,"minecraft:dirt":31,"dynamictrees:oak_sapling":1,"minecraft:chipped_anvil":1,"minecraft:oak_leaves":9,"minecraft:deepslate":268},"minecraft:used":{"minecraft:iron_shovel":15,"minecraft:elytra":1,"minecraft:shield":29,"minecraft:cooked_salmon":4,"minecraft:cooked_chicken":1,"dynamictrees:oak_seed":4,"minecraft:rotten_flesh":3,"minecraft:iron_chestplate":1,"minecraft:torch":226,"minecraft:dirt":51,"minecraft:tuff":11,"minecraft:granite":2,"minecraft:wooden_axe":13,"minecraft:iron_axe":13,"slashblade:slashblade":71,"minecraft:grass_block":56,"minecraft:oak_sapling":1,"minecraft:furnace":16,"minecraft:cobbled_deepslate":45,"minecraft:iron_leggings":1,"minecraft:wheat_seeds":12,"minecraft:cooked_mutton":1,"minecraft:water_bucket":12,"minecraft:birch_planks":3,"minecraft:stone_pickaxe":132,"minecraft:oak_planks":1,"minecraft:wooden_pickaxe":4,"minecraft:crafting_table":16,"minecraft:wooden_hoe":48,"minecraft:lever":1,"minecraft:diamond_pickaxe":190,"minecraft:apple":3,"minecraft:firework_rocket":10,"minecraft:command_block":2,"minecraft:bread":16,"minecraft:iron_pickaxe":509,"minecraft:gravel":3,"minecraft:stone_axe":112,"minecraft:diamond_sword":27,"minecraft:cobblestone":75,"minecraft:cooked_porkchop":4,"minecraft:bucket":13,"minecraft:bone_meal":34},"minecraft:picked_up":{"minecraft:charcoal":6,"minecraft:crafting_table":12,"minecraft:wheat":12,"minecraft:chicken":1,"minecraft:diamond_sword":1,"minecraft:stone_brick_wall":2,"gravestone:obituary":1,"minecraft:raw_copper":177,"minecraft:cooked_salmon":3,"minecraft:cobbled_deepslate":261,"dynamictrees:oak_seed":3,"minecraft:birch_sapling":3,"minecraft:iron_boots":1,"minecraft:furnace":14,"minecraft:stick":10,"minecraft:raw_iron":105,"minecraft:torch":29,"minecraft:porkchop":4,"minecraft:redstone":268,"minecraft:arrow":5,"minecraft:rotten_flesh":12,"minecraft:mutton":7,"minecraft:white_wool":10,"minecraft:cobblestone":259,"minecraft:birch_log":6,"minecraft:feather":2,"minecraft:salmon":9,"minecraft:smoker":1,"minecraft:tuff":11,"minecraft:oak_log":54,"minecraft:gunpowder":2,"minecraft:lapis_lazuli":6,"minecraft:wooden_hoe":1,"minecraft:dirt":149,"minecraft:bone":5,"minecraft:chipped_anvil":1,"minecraft:apple":3,"minecraft:wheat_seeds":39,"minecraft:raw_gold":6,"minecraft:iron_ingot":4,"minecraft:oak_planks":50,"minecraft:dandelion":3,"minecraft:gravel":8,"minecraft:stripped_spruce_log":1,"minecraft:spruce_sapling":1,"minecraft:spruce_log":36,"minecraft:diamond":6,"minecraft:granite":2,"minecraft:oak_sapling":3,"minecraft:coal":129,"minecraft:diamond_pickaxe":1},"minecraft:broken":{"minecraft:stone_pickaxe":1,"minecraft:stone_axe":1,"minecraft:iron_pickaxe":2}},"DataVersion":3465}