{"stats":{"minecraft:killed_by":{"minecraft:player":1},"minecraft:broken":{"minecraft:iron_boots":1,"minecraft:iron_chestplate":1,"minecraft:iron_leggings":1,"minecraft:stone_pickaxe":1,"minecraft:stone_axe":1,"slashblade:slashblade_wood":1,"minecraft:shield":1,"minecraft:iron_axe":2,"minecraft:iron_pickaxe":2,"minecraft:iron_helmet":1,"minecraft:wooden_hoe":1},"minecraft:picked_up":{"minecraft:wheat":301,"minecraft:nether_brick_fence":3,"minecraft:diamond_sword":2,"biomesoplenty:stripped_redwood_wood":2,"create:furnace_minecart_contraption":1,"minecraft:string":49,"minecraft:raw_copper":217,"minecraft:cooked_salmon":3,"biomesoplenty:stripped_mahogany_log":12,"create:water_wheel":19,"create:mechanical_press":34,"create:cart_assembler":55,"minecraft:gold_nugget":127,"minecraft:cobbled_deepslate":5469,"minecraft:spruce_planks":83,"minecraft:rose_bush":3,"dynamictrees:oak_seed":48,"biomesoplenty:redwood_wood":576,"minecraft:melon_slice":131,"minecraft:iron_boots":1,"minecraft:furnace":25,"minecraft:stick":399,"create:mechanical_mixer":6,"create:dough":2,"minecraft:torch":249,"create:andesite_casing":108,"minecraft:porkchop":23,"ironchest:gold_chest":2,"minecraft:diorite":129,"ironchest:diamond_chest":3,"biomesoplenty:mahogany_fence":8,"create:large_cogwheel":27,"slashblade:proudsoul":1,"minecraft:rotten_flesh":29,"biomesoplenty:mahogany_sapling":46,"minecraft:iron_block":1,"farmersdelight:rope":2,"minecraft:blaze_rod":10,"minecraft:obsidian":34,"minecraft:iron_bars":5,"minecraft:cobblestone":7819,"minecraft:birch_log":467,"minecraft:furnace_minecart":5,"minecraft:feather":8,"minecraft:lilac":1,"minecraft:andesite":186,"minecraft:jungle_log":34,"minecraft:copper_block":6,"minecraft:smoker":1,"minecraft:potato":1286,"ironchest:copper_chest":1,"minecraft:flint":3,"minecraft:tuff":499,"biomesoplenty:mahogany_boat":10,"minecraft:lapis_lazuli":6,"minecraft:stripped_birch_log":69,"minecraft:dirt":5495,"create:mechanical_plough":2,"minecraft:bone":20,"minecraft:chipped_anvil":3,"minecraft:wheat_seeds":1086,"minecraft:raw_gold":17,"create:mechanical_drill":70,"minecraft:cobbled_deepslate_slab":18,"minecraft:bell":1,"create:goggles":1,"create:shaft":34,"create:super_glue":2,"minecraft:oak_planks":51,"biomesoplenty:mahogany_planks":22,"biomesoplenty:clover":3,"minecraft:cooked_porkchop":5,"create:cogwheel":22,"minecraft:poisonous_potato":13,"minecraft:stripped_spruce_log":1,"sophisticatedbackpacks:iron_backpack":1,"biomesoplenty:mahogany_leaves":15,"irons_spellbooks:blaze_spell_book":4,"minecraft:iron_hoe":1,"minecraft:diamond":300,"minecraft:lever":53,"waystones:waystone":10,"minecraft:granite":388,"minecraft:bread":28,"biomesoplenty:pink_daffodil":5,"minecraft:oak_sapling":3,"minecraft:netherrack":87,"minecraft:diamond_pickaxe":1,"minecraft:charcoal":6,"minecraft:cocoa_beans":20,"minecraft:crafting_table":23,"minecraft:azure_bluet":110,"minecraft:chicken":8,"minecraft:leather_leggings":1,"minecraft:stone_brick_wall":2,"gravestone:obituary":10,"minecraft:moss_carpet":1,"minecraft:iron_axe":1,"slashblade:slashblade_wood":1,"biomesoplenty:black_sand":2,"minecraft:beef":73,"minecraft:oak_boat":1,"create:basin":7,"minecraft:iron_nugget":53,"minecraft:light_gray_wool":2,"minecraft:lectern":56,"minecraft:sugar_cane":5,"minecraft:chest":41,"minecraft:birch_sapling":3,"create:linear_chassis":19,"minecraft:phantom_membrane":11,"minecraft:raw_copper_block":11,"minecraft:egg":1,"minecraft:raw_iron":300,"minecraft:stone":169,"minecraft:oak_door":11,"create:golden_sheet":3,"minecraft:copper_ingot":44,"ironchest:iron_chest":1,"sophisticatedbackpacks:backpack":1,"minecraft:redstone":741,"create:zinc_ingot":30,"minecraft:stone_pressure_plate":4,"create:deployer":3,"biomesoplenty:redwood_planks":75,"minecraft:arrow":21,"minecraft:nether_bricks":30,"create:depot":4,"minecraft:gold_ingot":1,"biomesoplenty:redwood_sapling":10,"minecraft:mutton":36,"minecraft:rail":415,"minecraft:white_wool":17,"biomesoplenty:mahogany_trapdoor":1,"create:iron_sheet":24,"create:brass_sheet":16,"minecraft:basalt":1,"minecraft:salmon":9,"minecraft:leather":12,"minecraft:oak_log":116,"create:andesite_alloy":83,"minecraft:gunpowder":8,"create:blaze_burner":2,"minecraft:wooden_hoe":1,"biomesoplenty:glowing_moss_carpet":1,"minecraft:apple":3,"minecraft:stone_bricks":306,"minecraft:iron_ingot":73,"dynamictrees:birch_seed":98,"minecraft:book":109,"elevatorid:elevator_white":1,"slashblade:proudsoul_tiny":2,"create:large_water_wheel":7,"minecraft:quartz":160,"minecraft:dandelion":4,"minecraft:gravel":584,"minecraft:spruce_sapling":35,"minecraft:white_bed":4,"minecraft:spruce_log":306,"minecraft:spider_eye":2,"create:wheat_flour":20,"biomesoplenty:mahogany_log":516,"create:millstone":19,"minecraft:lime_dye":59,"minecraft:slime_ball":4,"create:brass_ingot":21,"minecraft:terracotta":154,"minecraft:baked_potato":24,"minecraft:coal":407},"minecraft:crafted":{"minecraft:oak_planks":224,"minecraft:cooked_chicken":6,"biomesoplenty:redwood_slab":6,"minecraft:lever":4,"minecraft:bookshelf":3,"create:deployer":4,"minecraft:spruce_pressure_plate":2,"minecraft:cooked_mutton":10,"minecraft:diamond_helmet":2,"minecraft:diamond_leggings":2,"minecraft:raw_copper":99,"create:cart_assembler":2,"create:mechanical_press":1,"minecraft:chest":51,"minecraft:rail":128,"create:cogwheel":9,"minecraft:stone_bricks":476,"create:brass_hand":4,"minecraft:raw_iron_block":3,"create:mechanical_plough":2,"minecraft:furnace_minecart":2,"create:depot":1,"minecraft:emerald":37,"create:rose_quartz":4,"sophisticatedbackpacks:backpack":3,"minecraft:cooked_porkchop":10,"minecraft:crafting_table":8,"minecraft:spruce_planks":488,"minecraft:iron_helmet":1,"minecraft:baked_potato":554,"minecraft:wooden_pickaxe":1,"minecraft:copper_ingot":140,"minecraft:birch_planks":36,"create:mechanical_mixer":1,"minecraft:iron_chestplate":2,"minecraft:wooden_hoe":1,"minecraft:charcoal":14,"create:water_wheel":2,"minecraft:shield":1,"create:super_glue":2,"minecraft:stick":160,"create:white_seat":1,"minecraft:iron_ingot":331,"minecraft:iron_pickaxe":3,"minecraft:iron_block":4,"biomesoplenty:mahogany_boat":16,"minecraft:gold_ingot":22,"create:large_cogwheel":7,"biomesoplenty:mahogany_trapdoor":2,"minecraft:cobbled_deepslate_slab":36,"minecraft:shears":1,"create:empty_blaze_burner":1,"minecraft:wooden_sword":5,"minecraft:oak_door":9,"minecraft:raw_iron":27,"minecraft:coal":99,"biomesoplenty:mahogany_fence":6,"create:wrench":1,"minecraft:iron_nugget":576,"biomesoplenty:mahogany_planks":272,"minecraft:furnace":5,"slashblade:slashblade_wood":5,"minecraft:bone_meal":24,"minecraft:raw_copper_block":11,"minecraft:flint_and_steel":1,"minecraft:iron_axe":3,"minecraft:iron_hoe":1,"create:millstone":1,"minecraft:stone_pickaxe":1,"minecraft:cobbled_deepslate_stairs":12,"minecraft:diamond_boots":2,"create:basin":1,"create:electron_tube":4,"minecraft:minecart":2,"sophisticatedbackpacks:iron_backpack":1,"minecraft:cooked_beef":23,"minecraft:coal_block":11,"ironchest:gold_chest":3,"biomesoplenty:redwood_pressure_plate":2,"create:andesite_alloy":287,"biomesoplenty:redwood_planks":352,"create:dough":4,"create:goggles":1,"create:large_water_wheel":1,"minecraft:cooked_salmon":6,"ironchest:copper_chest":6,"minecraft:bucket":2,"minecraft:stone_axe":1,"minecraft:enchanted_book":18,"minecraft:bread":24,"minecraft:air":0,"create:whisk":1,"create:linear_chassis":24,"minecraft:wooden_axe":1,"minecraft:iron_shovel":2,"minecraft:iron_leggings":1,"minecraft:anvil":1,"minecraft:white_bed":1,"create:mechanical_drill":81,"create:shaft":40,"minecraft:torch":800,"create:zinc_ingot":27,"minecraft:diamond_chestplate":2,"ironchest:iron_chest":6},"minecraft:killed":{"minecraft:spider":1,"minecraft:skeleton":10,"minecraft:chicken":3,"minecraft:pig":7,"minecraft:salmon":13,"minecraft:creeper":2,"minecraft:sheep":9,"minecraft:zombie":34,"minecraft:blaze":13,"minecraft:cow":10,"minecraft:phantom":16,"minecraft:drowned":2,"mowziesmobs:grottol":1,"graveyard:ghoul":1,"minecraft:villager":5},"minecraft:dropped":{"create:super_glue":1,"minecraft:porkchop":4,"create:millstone":1,"minecraft:lapis_lazuli":6,"minecraft:baked_potato":80,"minecraft:diamond":191,"biomesoplenty:mahogany_planks":8,"minecraft:rail":72,"minecraft:dirt":29715,"minecraft:raw_copper_block":11,"slashblade:slashblade_wood":4,"minecraft:mutton":13,"gravestone:obituary":33,"create:goggles":1,"create:large_cogwheel":6,"minecraft:iron_pickaxe":1,"minecraft:birch_log":191,"minecraft:white_wool":8,"minecraft:gold_ingot":15,"minecraft:bone":12,"minecraft:gravel":1802,"dynamictrees:oak_seed":10,"minecraft:cobbled_deepslate":3419,"biomesoplenty:redwood_sapling":5,"minecraft:wheat":25,"minecraft:birch_sapling":3,"minecraft:rotten_flesh":19,"minecraft:oak_planks":59,"minecraft:lime_dye":38,"minecraft:azure_bluet":51,"biomesoplenty:glowing_moss_carpet":1,"minecraft:gunpowder":2,"minecraft:jungle_log":16,"minecraft:stone_brick_wall":2,"minecraft:leather_leggings":1,"create:brass_ingot":25,"create:wheat_flour":17,"minecraft:arrow":8,"biomesoplenty:mahogany_sapling":28,"minecraft:beef":27,"minecraft:quartz":10,"minecraft:netherrack":11,"create:andesite_alloy":64,"create:basin":1,"minecraft:iron_ingot":63,"biomesoplenty:mahogany_log":233,"minecraft:bread":22,"minecraft:wheat_seeds":197,"minecraft:cobbled_deepslate_stairs":12,"minecraft:lilac":1,"dynamictrees:birch_seed":69,"biomesoplenty:mahogany_leaves":12,"biomesoplenty:redwood_wood":193,"minecraft:diamond_leggings":1,"minecraft:poisonous_potato":8,"minecraft:feather":3,"minecraft:cobblestone":56720,"minecraft:lead":1,"minecraft:granite":53,"minecraft:copper_ingot":76,"minecraft:coal":73,"minecraft:stick":26,"create:andesite_casing":2,"minecraft:diorite":1,"minecraft:wooden_hoe":1,"minecraft:torch":70,"minecraft:rose_bush":3,"minecraft:cooked_salmon":5,"minecraft:diamond_helmet":1,"minecraft:stripped_birch_log":17,"minecraft:iron_axe":1,"minecraft:string":20,"minecraft:spruce_sapling":1,"minecraft:dandelion":1,"minecraft:redstone":424,"minecraft:raw_copper":55,"minecraft:cocoa_beans":10,"minecraft:tuff":84,"minecraft:raw_iron":52,"minecraft:chicken":2,"minecraft:light_gray_wool":1,"biomesoplenty:redwood_planks":13,"minecraft:iron_hoe":1,"sophisticatedbackpacks:backpack":1,"minecraft:diamond_sword":1,"minecraft:potato":5,"create:dough":10,"minecraft:stone":1,"minecraft:diamond_chestplate":1,"minecraft:spruce_planks":26,"create:zinc_ingot":17,"minecraft:iron_chestplate":1,"minecraft:andesite":122,"minecraft:oak_sapling":2,"minecraft:stone_pressure_plate":4,"minecraft:stone_bricks":442,"minecraft:spider_eye":2,"minecraft:slime_ball":2,"minecraft:diamond_boots":1,"minecraft:raw_gold":1,"waystones:waystone":4,"minecraft:terracotta":151},"minecraft:custom":{"lootr:looted_stat":8,"minecraft:interact_with_crafting_table":238,"minecraft:open_barrel":2,"goblintraders:trade_with_goblin":47,"minecraft:bell_ring":1,"minecraft:eat_cake_slice":6,"minecraft:leave_game":23,"minecraft:time_since_death":249397,"minecraft:sprint_one_cm":3534399,"minecraft:damage_blocked_by_shield":2295,"minecraft:drop":2075,"minecraft:talked_to_villager":608,"minecraft:play_time":1421509,"minecraft:deaths":24,"minecraft:jump":17492,"minecraft:walk_on_water_one_cm":159461,"minecraft:interact_with_furnace":306,"minecraft:traded_with_villager":58,"minecraft:sleep_in_bed":43,"minecraft:waystone_activated":11,"minecraft:damage_dealt":19599,"minecraft:crouch_one_cm":624461,"minecraft:inspect_dispenser":1,"minecraft:interact_with_anvil":41,"minecraft:mob_kills":128,"minecraft:inspect_hopper":2,"minecraft:damage_dealt_resisted":868,"minecraft:climb_one_cm":626,"minecraft:walk_one_cm":3264952,"minecraft:sneak_time":133686,"minecraft:walk_under_water_one_cm":77753,"minecraft:boat_one_cm":16075,"minecraft:total_world_time":1421509,"minecraft:time_since_rest":18131,"minecraft:damage_taken":17867,"minecraft:swim_one_cm":97848,"minecraft:fly_one_cm":4264159,"minecraft:open_chest":729,"minecraft:aviate_one_cm":348348,"minecraft:fall_one_cm":359429},"minecraft:used":{"minecraft:nether_brick_fence":3,"minecraft:moss_carpet":1,"create:deployer":7,"minecraft:iron_shovel":2100,"minecraft:elytra":1,"biomesoplenty:mahogany_leaves":3,"minecraft:chest":77,"minecraft:shield":44,"minecraft:stone":12,"minecraft:bell":1,"minecraft:rotten_flesh":3,"minecraft:iron_chestplate":1,"create:cogwheel":44,"minecraft:nether_bricks":28,"ironchest:iron_chest":1,"create:depot":5,"minecraft:furnace_minecart":7,"minecraft:tuff":339,"minecraft:azure_bluet":58,"minecraft:obsidian":10,"minecraft:glass":91,"minecraft:lava_bucket":20,"minecraft:grass_block":56,"create:millstone":20,"minecraft:stone_bricks":203,"create:shaft":19,"minecraft:oak_sapling":1,"minecraft:furnace":28,"create:mechanical_drill":151,"minecraft:egg":1,"minecraft:potato":581,"minecraft:diorite":64,"minecraft:diamond_boots":1,"minecraft:oak_planks":1,"minecraft:stripped_birch_log":34,"minecraft:stone_pickaxe":132,"biomesoplenty:mahogany_trapdoor":1,"minecraft:wooden_pickaxe":4,"minecraft:sugar_cane":5,"minecraft:white_wool":1,"elevatorid:elevator_white":1,"ironchest:copper_chest":1,"minecraft:shears":15,"waystones:waystone":9,"minecraft:lever":57,"minecraft:firework_rocket":10,"minecraft:melon_slice":108,"minecraft:bread":58,"minecraft:lectern":55,"create:andesite_casing":6,"create:white_seat":1,"minecraft:gravel":18,"minecraft:diamond_sword":494,"create:basin":7,"minecraft:andesite":40,"minecraft:poisonous_potato":1,"minecraft:birch_log":55,"minecraft:oak_boat":1,"minecraft:bone_meal":114,"biomesoplenty:clover":3,"create:large_cogwheel":38,"biomesoplenty:mahogany_planks":68,"minecraft:iron_bars":5,"minecraft:flint_and_steel":49,"biomesoplenty:redwood_planks":124,"minecraft:spruce_planks":272,"minecraft:cooked_salmon":4,"minecraft:cooked_chicken":6,"dynamictrees:oak_seed":4,"minecraft:netherrack":75,"minecraft:oak_door":14,"minecraft:torch":771,"minecraft:dirt":2282,"ironchest:diamond_chest":15,"minecraft:anvil":1,"create:mechanical_mixer":8,"create:mechanical_plough":4,"minecraft:granite":2,"farmersdelight:rope":3,"minecraft:iron_hoe":187,"minecraft:wooden_axe":13,"minecraft:chipped_anvil":3,"minecraft:iron_axe":1833,"create:wrench":315,"biomesoplenty:redwood_wood":108,"slashblade:slashblade":71,"minecraft:jungle_log":2,"create:cart_assembler":62,"minecraft:basalt":1,"ironchest:gold_chest":4,"slashblade:slashblade_wood":78,"minecraft:cooked_beef":23,"minecraft:cobbled_deepslate":889,"minecraft:iron_leggings":1,"biomesoplenty:black_sand":2,"minecraft:wheat_seeds":312,"minecraft:cooked_mutton":10,"minecraft:water_bucket":256,"minecraft:birch_planks":3,"minecraft:baked_potato":97,"biomesoplenty:mahogany_log":98,"create:blaze_burner":3,"create:furnace_minecart_contraption":78,"minecraft:terracotta":3,"minecraft:rail":340,"biomesoplenty:mahogany_fence":8,"minecraft:crafting_table":31,"minecraft:white_bed":6,"minecraft:spruce_log":30,"create:linear_chassis":46,"minecraft:wooden_hoe":748,"minecraft:diamond_pickaxe":3142,"minecraft:apple":3,"create:mechanical_press":36,"biomesoplenty:pink_daffodil":5,"minecraft:command_block":2,"minecraft:iron_pickaxe":509,"minecraft:spruce_pressure_plate":2,"create:water_wheel":21,"create:large_water_wheel":8,"minecraft:stone_axe":112,"biomesoplenty:mahogany_boat":26,"minecraft:cobblestone":561,"minecraft:cobbled_deepslate_slab":44,"minecraft:cooked_porkchop":15,"minecraft:bucket":281,"minecraft:dandelion":1},"minecraft:mined":{"minecraft:spruce_planks":31,"minecraft:white_bed":4,"minecraft:farmland":9,"create:andesite_casing":105,"minecraft:jungle_leaves":1,"minecraft:obsidian":36,"minecraft:granite":10,"minecraft:stone_brick_wall":1,"minecraft:grass_block":949,"biomesoplenty:stripped_mahogany_log":12,"minecraft:jungle_log":18,"ironchest:copper_chest":1,"minecraft:sculk_catalyst":1,"minecraft:iron_ore":122,"minecraft:fire":60,"minecraft:cobbled_deepslate":469,"ironchest:gold_chest":2,"minecraft:moss_carpet":1,"minecraft:deepslate_lapis_ore":2,"minecraft:azure_bluet":50,"minecraft:sculk_shrieker":2,"create:mechanical_plough":2,"minecraft:iron_bars":5,"minecraft:iron_block":1,"create:mechanical_press":34,"minecraft:deepslate_redstone_ore":16,"create:cogwheel":18,"minecraft:smoker":1,"minecraft:torch":106,"minecraft:melon":21,"minecraft:chest":35,"minecraft:glass":1,"minecraft:nether_quartz_ore":45,"minecraft:cobblestone":384,"minecraft:oak_planks":2,"minecraft:sugar_cane":3,"minecraft:wall_torch":44,"create:large_water_wheel":3,"create:basin":6,"minecraft:birch_log":10,"minecraft:wheat":312,"minecraft:lilac":3,"create:mechanical_mixer":7,"ironchest:diamond_chest":2,"dynamictrees:birch_leaves":3,"minecraft:grass":811,"biomesoplenty:clover":184,"minecraft:oak_log":73,"minecraft:dirt":1281,"create:linear_chassis":19,"minecraft:netherrack":85,"minecraft:deepslate":542,"minecraft:oak_leaves":12,"biomesoplenty:mahogany_fence":8,"minecraft:nether_gold_ore":22,"minecraft:tuff":294,"create:millstone":18,"minecraft:dark_oak_leaves":1,"minecraft:deepslate_diamond_ore":43,"minecraft:oak_door":10,"minecraft:stripped_birch_log":52,"minecraft:cobbled_deepslate_slab":17,"minecraft:nether_bricks":31,"minecraft:lever":3,"minecraft:glow_lichen":1,"gravestone:gravestone":22,"create:large_cogwheel":22,"create:depot":4,"minecraft:spruce_leaves":583,"minecraft:large_fern":2,"dynamictrees:oak_leaves":2,"minecraft:redstone_ore":10,"create:shaft":15,"minecraft:furnace":26,"minecraft:andesite":70,"minecraft:stripped_spruce_log":1,"minecraft:bell":1,"minecraft:nether_brick_fence":4,"create:cart_assembler":49,"minecraft:bookshelf":29,"minecraft:potatoes":344,"farmersdelight:rope":2,"minecraft:deepslate_iron_ore":32,"biomesoplenty:high_grass":703,"minecraft:vine":4,"biomesoplenty:mahogany_leaves":202,"minecraft:rail":236,"ironchest:iron_chest":1,"create:deployer":3,"minecraft:stone":477,"biomesoplenty:redwood_planks":62,"minecraft:basalt":1,"biomesoplenty:black_sand":2,"minecraft:dandelion":1,"minecraft:crafting_table":24,"biomesoplenty:mahogany_planks":18,"minecraft:rose_bush":6,"minecraft:sculk_sensor":5,"minecraft:lectern":56,"create:water_wheel":19,"biomesoplenty:high_grass_plant":1464,"minecraft:copper_ore":51,"minecraft:tall_grass":116,"minecraft:lapis_ore":2,"biomesoplenty:huge_clover_petal":125,"biomesoplenty:sprout":1,"minecraft:deepslate_gold_ore":19,"minecraft:sculk":32,"minecraft:diorite":67,"biomesoplenty:mahogany_trapdoor":1,"create:water_wheel_structure":4,"create:blaze_burner":2,"biomesoplenty:mahogany_log":286,"biomesoplenty:pink_daffodil":15,"minecraft:spruce_log":311,"minecraft:birch_leaves":1,"create:mechanical_drill":70,"minecraft:coal_ore":141,"elevatorid:elevator_white":1,"biomesoplenty:redwood_leaves":79,"minecraft:gravel":23,"biomesoplenty:stripped_redwood_wood":2,"minecraft:cobweb":30,"dynamictrees:oak_sapling":1,"minecraft:terracotta":3,"minecraft:stone_bricks":156,"minecraft:gold_ore":6,"minecraft:chipped_anvil":3,"biomesoplenty:redwood_wood":390,"minecraft:fern":38}},"DataVersion":3465}