{"stats":{"minecraft:custom":{"lootr:looted_stat":4,"minecraft:interact_with_anvil":3,"minecraft:mob_kills":62,"minecraft:interact_with_crafting_table":50,"minecraft:open_barrel":2,"goblintraders:trade_with_goblin":47,"minecraft:eat_cake_slice":6,"minecraft:leave_game":12,"minecraft:time_since_death":130693,"minecraft:climb_one_cm":268,"minecraft:sprint_one_cm":795035,"minecraft:walk_one_cm":506327,"minecraft:damage_blocked_by_shield":1995,"minecraft:drop":130,"minecraft:talked_to_villager":1,"minecraft:play_time":322177,"minecraft:deaths":9,"minecraft:sneak_time":33528,"minecraft:walk_under_water_one_cm":43638,"minecraft:jump":4774,"minecraft:walk_on_water_one_cm":77905,"minecraft:total_world_time":322177,"minecraft:interact_with_furnace":114,"minecraft:sleep_in_bed":6,"minecraft:time_since_rest":4739,"minecraft:waystone_activated":2,"minecraft:damage_taken":6356,"minecraft:damage_dealt":7096,"minecraft:swim_one_cm":51078,"minecraft:fly_one_cm":1096435,"minecraft:crouch_one_cm":120780,"minecraft:open_chest":57,"minecraft:aviate_one_cm":348348,"minecraft:fall_one_cm":127634},"minecraft:killed":{"minecraft:skeleton":7,"minecraft:chicken":3,"mowziesmobs:grottol":1,"minecraft:pig":7,"graveyard:ghoul":1,"minecraft:salmon":13,"minecraft:creeper":1,"minecraft:sheep":9,"minecraft:zombie":10,"minecraft:cow":10},"minecraft:mined":{"minecraft:tuff":11,"minecraft:spruce_planks":13,"minecraft:white_bed":2,"minecraft:farmland":6,"minecraft:deepslate_diamond_ore":5,"minecraft:oak_door":2,"minecraft:jungle_leaves":1,"minecraft:glow_lichen":1,"gravestone:gravestone":7,"minecraft:granite":5,"minecraft:grass_block":148,"minecraft:stone_brick_wall":1,"minecraft:jungle_log":18,"minecraft:spruce_leaves":583,"minecraft:large_fern":1,"dynamictrees:oak_leaves":2,"minecraft:sculk_catalyst":1,"minecraft:furnace":25,"minecraft:fire":2,"minecraft:iron_ore":55,"minecraft:cobbled_deepslate":5,"minecraft:andesite":6,"minecraft:stripped_spruce_log":1,"minecraft:deepslate_lapis_ore":2,"minecraft:sculk_shrieker":2,"biomesoplenty:mahogany_leaves":181,"minecraft:vine":4,"biomesoplenty:high_grass":335,"minecraft:deepslate_iron_ore":30,"minecraft:iron_bars":5,"minecraft:stone":264,"minecraft:iron_block":1,"minecraft:deepslate_redstone_ore":16,"biomesoplenty:redwood_planks":8,"minecraft:smoker":1,"minecraft:crafting_table":17,"minecraft:torch":19,"biomesoplenty:mahogany_planks":7,"minecraft:melon":21,"minecraft:chest":10,"minecraft:sculk_sensor":5,"minecraft:glass":1,"biomesoplenty:high_grass_plant":758,"minecraft:copper_ore":51,"minecraft:tall_grass":65,"minecraft:cobblestone":108,"biomesoplenty:sprout":1,"biomesoplenty:huge_clover_petal":21,"minecraft:lapis_ore":2,"minecraft:deepslate_gold_ore":14,"minecraft:oak_planks":2,"minecraft:sculk":32,"minecraft:wall_torch":17,"biomesoplenty:mahogany_log":266,"minecraft:birch_log":6,"minecraft:wheat":12,"biomesoplenty:pink_daffodil":9,"minecraft:spruce_log":311,"minecraft:birch_leaves":1,"dynamictrees:birch_leaves":3,"minecraft:grass":487,"biomesoplenty:clover":32,"minecraft:oak_log":53,"minecraft:coal_ore":127,"biomesoplenty:redwood_leaves":79,"minecraft:gravel":2,"minecraft:dirt":69,"biomesoplenty:stripped_redwood_wood":2,"minecraft:cobweb":30,"dynamictrees:oak_sapling":1,"minecraft:chipped_anvil":3,"biomesoplenty:redwood_wood":382,"minecraft:oak_leaves":9,"minecraft:deepslate":268,"minecraft:fern":27},"minecraft:used":{"biomesoplenty:mahogany_planks":7,"minecraft:iron_shovel":171,"biomesoplenty:redwood_planks":8,"minecraft:elytra":1,"minecraft:chest":22,"minecraft:spruce_planks":250,"minecraft:shield":39,"minecraft:cooked_salmon":4,"minecraft:cooked_chicken":1,"minecraft:rotten_flesh":3,"dynamictrees:oak_seed":4,"minecraft:iron_chestplate":1,"minecraft:oak_door":4,"minecraft:torch":250,"minecraft:dirt":180,"minecraft:tuff":11,"minecraft:granite":2,"minecraft:glass":91,"minecraft:wooden_axe":13,"minecraft:lava_bucket":7,"minecraft:chipped_anvil":2,"biomesoplenty:redwood_wood":44,"minecraft:iron_axe":1271,"slashblade:slashblade":71,"minecraft:grass_block":56,"minecraft:jungle_log":2,"minecraft:oak_sapling":1,"minecraft:furnace":28,"minecraft:cobbled_deepslate":49,"minecraft:iron_leggings":1,"minecraft:wheat_seeds":12,"minecraft:cooked_mutton":1,"minecraft:water_bucket":130,"minecraft:birch_planks":3,"minecraft:stone_pickaxe":132,"minecraft:oak_planks":1,"minecraft:wooden_pickaxe":4,"biomesoplenty:mahogany_log":67,"minecraft:crafting_table":22,"minecraft:white_bed":3,"minecraft:spruce_log":30,"minecraft:wooden_hoe":748,"minecraft:lever":1,"minecraft:diamond_pickaxe":329,"minecraft:apple":3,"minecraft:firework_rocket":10,"minecraft:command_block":2,"minecraft:bread":17,"minecraft:melon_slice":63,"minecraft:iron_pickaxe":509,"minecraft:gravel":3,"minecraft:stone_axe":112,"minecraft:diamond_sword":78,"minecraft:cobblestone":248,"minecraft:cooked_porkchop":11,"minecraft:bucket":137,"minecraft:bone_meal":34},"minecraft:broken":{"minecraft:stone_pickaxe":1,"minecraft:iron_axe":2,"minecraft:stone_axe":1,"minecraft:iron_pickaxe":2,"minecraft:wooden_hoe":1},"minecraft:dropped":{"biomesoplenty:mahogany_log":192,"minecraft:iron_ingot":11,"minecraft:bread":22,"minecraft:porkchop":4,"minecraft:wheat_seeds":68,"minecraft:lapis_lazuli":6,"dynamictrees:birch_seed":69,"biomesoplenty:redwood_wood":192,"minecraft:diamond":6,"minecraft:feather":3,"biomesoplenty:mahogany_planks":5,"minecraft:copper_ingot":60,"minecraft:coal":9,"minecraft:stick":14,"minecraft:dirt":27,"minecraft:raw_copper_block":11,"minecraft:wooden_hoe":1,"minecraft:torch":70,"minecraft:mutton":13,"minecraft:cooked_salmon":5,"gravestone:obituary":10,"minecraft:iron_axe":1,"minecraft:iron_pickaxe":1,"minecraft:string":18,"minecraft:birch_log":189,"minecraft:white_wool":7,"minecraft:redstone":396,"minecraft:spruce_sapling":1,"minecraft:gold_ingot":9,"minecraft:dandelion":1,"minecraft:bone":12,"minecraft:gravel":5,"dynamictrees:oak_seed":10,"biomesoplenty:redwood_sapling":5,"minecraft:cocoa_beans":5,"minecraft:cobbled_deepslate":191,"minecraft:raw_copper":55,"minecraft:birch_sapling":3,"minecraft:raw_iron":2,"minecraft:chicken":2,"minecraft:rotten_flesh":2,"minecraft:light_gray_wool":1,"biomesoplenty:redwood_planks":12,"minecraft:oak_planks":59,"sophisticatedbackpacks:backpack":1,"minecraft:potato":5,"minecraft:gunpowder":2,"minecraft:spruce_planks":25,"minecraft:iron_chestplate":1,"minecraft:jungle_log":16,"minecraft:stone_brick_wall":2,"minecraft:oak_sapling":2,"minecraft:stone_pressure_plate":4,"minecraft:arrow":8,"biomesoplenty:mahogany_sapling":18,"minecraft:beef":27},"minecraft:killed_by":{"minecraft:player":1},"minecraft:picked_up":{"minecraft:cocoa_beans":15,"minecraft:charcoal":6,"minecraft:crafting_table":16,"minecraft:wheat":12,"minecraft:azure_bluet":1,"minecraft:chicken":7,"minecraft:diamond_sword":1,"biomesoplenty:stripped_redwood_wood":2,"minecraft:stone_brick_wall":2,"gravestone:obituary":2,"minecraft:string":48,"minecraft:raw_copper":191,"minecraft:iron_axe":1,"minecraft:cooked_salmon":3,"minecraft:cobbled_deepslate":455,"minecraft:spruce_planks":65,"minecraft:beef":73,"biomesoplenty:redwood_wood":567,"dynamictrees:oak_seed":48,"minecraft:light_gray_wool":2,"minecraft:melon_slice":131,"minecraft:chest":16,"minecraft:birch_sapling":3,"minecraft:raw_copper_block":11,"minecraft:iron_boots":1,"minecraft:furnace":24,"minecraft:stick":380,"minecraft:raw_iron":105,"minecraft:oak_door":3,"minecraft:torch":112,"sophisticatedbackpacks:backpack":1,"minecraft:porkchop":23,"minecraft:redstone":460,"minecraft:stone_pressure_plate":4,"biomesoplenty:redwood_planks":20,"minecraft:arrow":16,"minecraft:rotten_flesh":12,"biomesoplenty:mahogany_sapling":36,"minecraft:iron_block":1,"biomesoplenty:redwood_sapling":10,"minecraft:mutton":34,"minecraft:white_wool":15,"minecraft:cobblestone":363,"minecraft:birch_log":435,"minecraft:feather":6,"minecraft:jungle_log":34,"minecraft:salmon":9,"minecraft:leather":12,"minecraft:potato":10,"minecraft:smoker":1,"minecraft:tuff":11,"minecraft:oak_log":96,"minecraft:gunpowder":4,"minecraft:lapis_lazuli":6,"minecraft:wooden_hoe":1,"minecraft:dirt":346,"minecraft:bone":19,"minecraft:chipped_anvil":3,"minecraft:apple":3,"minecraft:wheat_seeds":96,"dynamictrees:birch_seed":98,"minecraft:raw_gold":6,"minecraft:iron_ingot":34,"biomesoplenty:mahogany_planks":12,"minecraft:oak_planks":50,"minecraft:cooked_porkchop":5,"minecraft:dandelion":3,"minecraft:gravel":8,"minecraft:stripped_spruce_log":1,"minecraft:spruce_sapling":35,"minecraft:white_bed":2,"minecraft:spruce_log":306,"biomesoplenty:mahogany_log":453,"minecraft:diamond":6,"minecraft:granite":2,"minecraft:bread":28,"minecraft:oak_sapling":3,"minecraft:coal":243,"minecraft:diamond_pickaxe":1},"minecraft:crafted":{"minecraft:oak_door":3,"minecraft:oak_planks":136,"minecraft:raw_iron":27,"minecraft:coal":99,"biomesoplenty:mahogany_planks":8,"minecraft:cooked_chicken":1,"minecraft:furnace":4,"minecraft:bone_meal":3,"minecraft:raw_copper_block":11,"minecraft:cooked_mutton":1,"minecraft:iron_axe":3,"minecraft:stone_pickaxe":1,"minecraft:chest":21,"sophisticatedbackpacks:iron_backpack":1,"minecraft:raw_iron_block":3,"minecraft:coal_block":11,"sophisticatedbackpacks:backpack":3,"minecraft:cooked_porkchop":6,"minecraft:crafting_table":6,"minecraft:spruce_planks":488,"biomesoplenty:redwood_planks":52,"minecraft:wooden_pickaxe":1,"minecraft:iron_helmet":1,"minecraft:cooked_salmon":6,"minecraft:copper_ingot":60,"minecraft:bucket":2,"minecraft:birch_planks":24,"minecraft:stone_axe":1,"minecraft:bread":4,"minecraft:air":0,"minecraft:wooden_hoe":1,"minecraft:iron_chestplate":2,"minecraft:charcoal":14,"minecraft:shield":1,"minecraft:stick":84,"minecraft:iron_ingot":70,"minecraft:iron_pickaxe":3,"minecraft:wooden_axe":1,"minecraft:iron_leggings":1,"minecraft:iron_shovel":1,"minecraft:gold_ingot":9,"minecraft:white_bed":1,"minecraft:torch":248}},"DataVersion":3465}