{"stats":{"minecraft:dropped":{"minecraft:porkchop":4,"minecraft:lapis_lazuli":6,"minecraft:diamond":6,"biomesoplenty:mahogany_planks":5,"minecraft:dirt":27,"minecraft:raw_copper_block":11,"minecraft:mutton":13,"gravestone:obituary":10,"minecraft:iron_pickaxe":1,"minecraft:birch_log":189,"minecraft:white_wool":7,"minecraft:gold_ingot":14,"minecraft:bone":12,"minecraft:gravel":5,"dynamictrees:oak_seed":10,"minecraft:cobbled_deepslate":191,"biomesoplenty:redwood_sapling":5,"minecraft:birch_sapling":3,"minecraft:wheat":25,"minecraft:rotten_flesh":2,"minecraft:oak_planks":59,"minecraft:lime_dye":4,"minecraft:gunpowder":2,"minecraft:jungle_log":16,"minecraft:stone_brick_wall":2,"create:wheat_flour":17,"minecraft:arrow":8,"minecraft:beef":27,"biomesoplenty:mahogany_sapling":18,"minecraft:iron_ingot":13,"biomesoplenty:mahogany_log":192,"minecraft:bread":22,"minecraft:wheat_seeds":69,"dynamictrees:birch_seed":69,"biomesoplenty:redwood_wood":192,"minecraft:feather":3,"minecraft:copper_ingot":60,"minecraft:coal":9,"minecraft:stick":17,"minecraft:torch":70,"minecraft:wooden_hoe":1,"minecraft:cooked_salmon":5,"minecraft:iron_axe":1,"minecraft:string":18,"minecraft:spruce_sapling":1,"minecraft:dandelion":1,"minecraft:redstone":396,"minecraft:raw_copper":55,"minecraft:cocoa_beans":5,"minecraft:raw_iron":2,"minecraft:chicken":2,"biomesoplenty:redwood_planks":13,"minecraft:light_gray_wool":1,"sophisticatedbackpacks:backpack":1,"minecraft:potato":5,"create:dough":2,"minecraft:spruce_planks":25,"minecraft:iron_chestplate":1,"minecraft:oak_sapling":2,"minecraft:stone_pressure_plate":4},"minecraft:picked_up":{"minecraft:wheat":54,"minecraft:diamond_sword":1,"biomesoplenty:stripped_redwood_wood":2,"minecraft:string":48,"minecraft:raw_copper":191,"minecraft:cooked_salmon":3,"create:water_wheel":18,"create:mechanical_press":23,"minecraft:cobbled_deepslate":455,"minecraft:spruce_planks":72,"dynamictrees:oak_seed":48,"biomesoplenty:redwood_wood":571,"minecraft:melon_slice":131,"minecraft:iron_boots":1,"minecraft:furnace":24,"minecraft:stick":392,"minecraft:torch":113,"create:andesite_casing":4,"minecraft:porkchop":23,"create:large_cogwheel":10,"minecraft:rotten_flesh":12,"biomesoplenty:mahogany_sapling":36,"minecraft:iron_block":1,"minecraft:cobblestone":363,"minecraft:birch_log":462,"minecraft:feather":6,"minecraft:andesite":1,"minecraft:jungle_log":34,"minecraft:potato":10,"minecraft:smoker":1,"minecraft:tuff":11,"minecraft:dirt":576,"minecraft:lapis_lazuli":6,"minecraft:stripped_birch_log":10,"minecraft:bone":19,"minecraft:chipped_anvil":3,"minecraft:wheat_seeds":262,"minecraft:raw_gold":6,"create:shaft":9,"minecraft:oak_planks":50,"biomesoplenty:mahogany_planks":12,"biomesoplenty:clover":3,"minecraft:cooked_porkchop":5,"create:cogwheel":13,"minecraft:stripped_spruce_log":1,"minecraft:diamond":6,"minecraft:granite":2,"minecraft:bread":28,"biomesoplenty:pink_daffodil":5,"minecraft:oak_sapling":3,"minecraft:diamond_pickaxe":1,"minecraft:cocoa_beans":15,"minecraft:charcoal":6,"minecraft:crafting_table":16,"minecraft:azure_bluet":3,"minecraft:chicken":7,"minecraft:stone_brick_wall":2,"gravestone:obituary":2,"minecraft:iron_axe":1,"minecraft:beef":73,"minecraft:light_gray_wool":2,"minecraft:chest":16,"minecraft:birch_sapling":3,"minecraft:raw_copper_block":11,"minecraft:raw_iron":105,"minecraft:oak_door":3,"create:golden_sheet":3,"sophisticatedbackpacks:backpack":1,"minecraft:redstone":460,"minecraft:stone_pressure_plate":4,"biomesoplenty:redwood_planks":67,"minecraft:arrow":16,"create:depot":4,"minecraft:gold_ingot":1,"biomesoplenty:redwood_sapling":10,"minecraft:mutton":34,"minecraft:white_wool":15,"create:iron_sheet":5,"minecraft:salmon":9,"minecraft:leather":12,"minecraft:oak_log":96,"minecraft:gunpowder":4,"minecraft:wooden_hoe":1,"minecraft:apple":3,"minecraft:iron_ingot":36,"dynamictrees:birch_seed":98,"create:large_water_wheel":7,"minecraft:dandelion":4,"minecraft:gravel":8,"minecraft:spruce_sapling":35,"minecraft:white_bed":2,"minecraft:spruce_log":306,"create:wheat_flour":20,"biomesoplenty:mahogany_log":453,"create:millstone":17,"minecraft:coal":243},"minecraft:broken":{"minecraft:stone_pickaxe":1,"minecraft:stone_axe":1,"minecraft:iron_axe":2,"minecraft:iron_pickaxe":2,"minecraft:wooden_hoe":1},"minecraft:mined":{"minecraft:spruce_planks":20,"minecraft:white_bed":2,"minecraft:farmland":6,"create:andesite_casing":4,"minecraft:jungle_leaves":1,"minecraft:granite":5,"minecraft:grass_block":348,"minecraft:stone_brick_wall":1,"minecraft:jungle_log":18,"minecraft:sculk_catalyst":1,"minecraft:iron_ore":55,"minecraft:cobbled_deepslate":5,"minecraft:fire":2,"minecraft:deepslate_lapis_ore":2,"minecraft:azure_bluet":2,"minecraft:sculk_shrieker":2,"minecraft:iron_bars":5,"minecraft:iron_block":1,"create:mechanical_press":23,"minecraft:deepslate_redstone_ore":16,"create:cogwheel":12,"minecraft:smoker":1,"minecraft:torch":20,"minecraft:melon":21,"minecraft:chest":10,"minecraft:glass":1,"minecraft:cobblestone":108,"minecraft:oak_planks":2,"minecraft:wall_torch":17,"create:large_water_wheel":3,"minecraft:birch_log":7,"minecraft:wheat":52,"dynamictrees:birch_leaves":3,"minecraft:grass":737,"biomesoplenty:clover":36,"minecraft:oak_log":53,"minecraft:dirt":125,"minecraft:oak_leaves":9,"minecraft:deepslate":268,"minecraft:tuff":11,"create:millstone":17,"minecraft:deepslate_diamond_ore":5,"minecraft:oak_door":2,"minecraft:stripped_birch_log":10,"minecraft:glow_lichen":1,"gravestone:gravestone":7,"create:large_cogwheel":10,"create:depot":4,"minecraft:spruce_leaves":583,"minecraft:large_fern":1,"dynamictrees:oak_leaves":2,"create:shaft":9,"minecraft:furnace":25,"minecraft:andesite":7,"minecraft:stripped_spruce_log":1,"biomesoplenty:mahogany_leaves":181,"biomesoplenty:high_grass":700,"minecraft:deepslate_iron_ore":30,"minecraft:vine":4,"minecraft:stone":264,"biomesoplenty:redwood_planks":54,"minecraft:dandelion":1,"minecraft:crafting_table":17,"biomesoplenty:mahogany_planks":7,"minecraft:sculk_sensor":5,"create:water_wheel":18,"biomesoplenty:high_grass_plant":1462,"minecraft:tall_grass":113,"minecraft:copper_ore":51,"biomesoplenty:huge_clover_petal":23,"biomesoplenty:sprout":1,"minecraft:lapis_ore":2,"minecraft:deepslate_gold_ore":14,"minecraft:sculk":32,"create:water_wheel_structure":4,"biomesoplenty:mahogany_log":266,"biomesoplenty:pink_daffodil":15,"minecraft:spruce_log":311,"minecraft:birch_leaves":1,"minecraft:coal_ore":127,"biomesoplenty:redwood_leaves":79,"minecraft:gravel":2,"biomesoplenty:stripped_redwood_wood":2,"minecraft:cobweb":30,"dynamictrees:oak_sapling":1,"minecraft:chipped_anvil":3,"biomesoplenty:redwood_wood":386,"minecraft:fern":27},"minecraft:killed_by":{"minecraft:player":1},"minecraft:crafted":{"minecraft:oak_planks":136,"minecraft:cooked_chicken":3,"minecraft:cooked_mutton":10,"minecraft:spruce_pressure_plate":2,"create:mechanical_press":1,"minecraft:chest":21,"create:cogwheel":6,"minecraft:raw_iron_block":3,"create:depot":1,"sophisticatedbackpacks:backpack":3,"minecraft:cooked_porkchop":10,"minecraft:crafting_table":6,"minecraft:spruce_planks":488,"minecraft:wooden_pickaxe":1,"minecraft:iron_helmet":1,"minecraft:copper_ingot":60,"minecraft:birch_planks":24,"create:mechanical_mixer":1,"minecraft:wooden_hoe":1,"minecraft:iron_chestplate":2,"minecraft:charcoal":14,"create:water_wheel":2,"minecraft:shield":1,"minecraft:stick":84,"minecraft:iron_ingot":70,"minecraft:iron_pickaxe":3,"minecraft:iron_block":1,"minecraft:gold_ingot":9,"create:large_cogwheel":5,"minecraft:oak_door":3,"minecraft:raw_iron":27,"minecraft:coal":99,"create:wrench":1,"minecraft:iron_nugget":54,"biomesoplenty:mahogany_planks":8,"minecraft:furnace":4,"minecraft:bone_meal":21,"minecraft:raw_copper_block":11,"minecraft:iron_axe":3,"minecraft:iron_hoe":1,"create:millstone":1,"minecraft:stone_pickaxe":1,"create:basin":1,"sophisticatedbackpacks:iron_backpack":1,"minecraft:cooked_beef":23,"minecraft:coal_block":11,"create:andesite_alloy":18,"biomesoplenty:redwood_planks":148,"create:dough":2,"create:goggles":1,"create:large_water_wheel":1,"minecraft:cooked_salmon":6,"minecraft:bucket":2,"minecraft:stone_axe":1,"minecraft:bread":4,"minecraft:air":0,"create:whisk":1,"minecraft:wooden_axe":1,"minecraft:iron_shovel":1,"minecraft:iron_leggings":1,"minecraft:white_bed":1,"create:shaft":40,"minecraft:torch":248},"minecraft:killed":{"minecraft:skeleton":7,"minecraft:chicken":3,"minecraft:pig":7,"minecraft:salmon":13,"minecraft:creeper":1,"minecraft:sheep":9,"minecraft:zombie":10,"minecraft:cow":10,"mowziesmobs:grottol":1,"graveyard:ghoul":1},"minecraft:used":{"minecraft:iron_shovel":425,"minecraft:elytra":1,"minecraft:chest":22,"minecraft:shield":39,"minecraft:rotten_flesh":3,"minecraft:iron_chestplate":1,"create:cogwheel":22,"create:depot":4,"minecraft:tuff":11,"minecraft:azure_bluet":2,"minecraft:glass":91,"minecraft:lava_bucket":7,"minecraft:grass_block":56,"create:millstone":18,"create:shaft":14,"minecraft:furnace":28,"minecraft:oak_sapling":1,"minecraft:potato":5,"minecraft:stripped_birch_log":1,"minecraft:oak_planks":1,"minecraft:stone_pickaxe":132,"minecraft:wooden_pickaxe":4,"minecraft:lever":1,"minecraft:firework_rocket":10,"minecraft:melon_slice":96,"minecraft:bread":17,"minecraft:gravel":3,"minecraft:diamond_sword":112,"create:basin":1,"minecraft:andesite":1,"minecraft:birch_log":13,"minecraft:bone_meal":111,"create:large_cogwheel":21,"biomesoplenty:clover":3,"biomesoplenty:mahogany_planks":7,"biomesoplenty:redwood_planks":103,"minecraft:spruce_planks":258,"dynamictrees:oak_seed":4,"minecraft:cooked_salmon":4,"minecraft:cooked_chicken":3,"minecraft:oak_door":4,"minecraft:torch":250,"minecraft:dirt":207,"create:mechanical_mixer":1,"minecraft:granite":2,"minecraft:iron_hoe":173,"minecraft:wooden_axe":13,"minecraft:chipped_anvil":2,"create:wrench":11,"minecraft:iron_axe":1384,"biomesoplenty:redwood_wood":49,"slashblade:slashblade":71,"minecraft:jungle_log":2,"minecraft:cobbled_deepslate":49,"minecraft:iron_leggings":1,"minecraft:wheat_seeds":178,"minecraft:cooked_mutton":1,"minecraft:water_bucket":152,"minecraft:birch_planks":3,"biomesoplenty:mahogany_log":67,"minecraft:crafting_table":22,"minecraft:white_bed":3,"minecraft:spruce_log":30,"minecraft:wooden_hoe":748,"minecraft:diamond_pickaxe":406,"minecraft:apple":3,"create:mechanical_press":24,"biomesoplenty:pink_daffodil":5,"minecraft:command_block":2,"minecraft:iron_pickaxe":509,"minecraft:spruce_pressure_plate":2,"create:water_wheel":19,"create:large_water_wheel":8,"minecraft:stone_axe":112,"minecraft:cobblestone":248,"minecraft:cooked_porkchop":11,"minecraft:bucket":162,"minecraft:dandelion":1},"minecraft:custom":{"lootr:looted_stat":4,"minecraft:interact_with_crafting_table":84,"minecraft:open_barrel":2,"goblintraders:trade_with_goblin":47,"minecraft:eat_cake_slice":6,"minecraft:leave_game":15,"minecraft:time_since_death":250331,"minecraft:sprint_one_cm":1039111,"minecraft:damage_blocked_by_shield":1995,"minecraft:drop":164,"minecraft:talked_to_villager":1,"minecraft:play_time":441815,"minecraft:deaths":9,"minecraft:jump":5543,"minecraft:walk_on_water_one_cm":91458,"minecraft:interact_with_furnace":137,"minecraft:sleep_in_bed":14,"minecraft:waystone_activated":2,"minecraft:damage_dealt":7096,"minecraft:crouch_one_cm":129428,"minecraft:mob_kills":62,"minecraft:interact_with_anvil":3,"minecraft:climb_one_cm":268,"minecraft:walk_one_cm":736674,"minecraft:sneak_time":36200,"minecraft:walk_under_water_one_cm":45507,"minecraft:total_world_time":441815,"minecraft:time_since_rest":607,"minecraft:damage_taken":6577,"minecraft:swim_one_cm":52827,"minecraft:fly_one_cm":1240868,"minecraft:open_chest":138,"minecraft:aviate_one_cm":348348,"minecraft:fall_one_cm":151681}},"DataVersion":3465}