{"stats":{"minecraft:dropped":{"minecraft:iron_ingot":9,"minecraft:bread":8,"minecraft:wheat_seeds":64,"minecraft:lapis_lazuli":6,"minecraft:diamond":6,"minecraft:copper_ingot":60,"minecraft:coal":9,"minecraft:stick":14,"minecraft:torch":6,"minecraft:wooden_hoe":1,"minecraft:mutton":4,"minecraft:cooked_salmon":5,"gravestone:obituary":10,"minecraft:iron_axe":1,"minecraft:iron_pickaxe":1,"minecraft:white_wool":6,"minecraft:bone":6,"minecraft:spruce_sapling":1,"minecraft:redstone":332,"minecraft:dandelion":1,"minecraft:gold_ingot":9,"minecraft:gravel":5,"minecraft:raw_copper":48,"minecraft:birch_sapling":3,"minecraft:raw_iron":2,"minecraft:rotten_flesh":2,"minecraft:oak_planks":59,"sophisticatedbackpacks:backpack":1,"minecraft:spruce_planks":25,"minecraft:iron_chestplate":1,"minecraft:stone_brick_wall":2,"minecraft:oak_sapling":2,"minecraft:stone_pressure_plate":4,"minecraft:beef":4},"minecraft:killed_by":{"minecraft:player":1},"minecraft:crafted":{"minecraft:oak_planks":128,"minecraft:raw_iron":27,"minecraft:cooked_chicken":1,"minecraft:furnace":4,"minecraft:bone_meal":3,"minecraft:raw_copper_block":11,"minecraft:cooked_mutton":1,"minecraft:iron_axe":2,"minecraft:stone_pickaxe":1,"minecraft:chest":3,"sophisticatedbackpacks:iron_backpack":1,"minecraft:raw_iron_block":3,"minecraft:coal_block":11,"sophisticatedbackpacks:backpack":3,"minecraft:cooked_porkchop":6,"minecraft:crafting_table":5,"minecraft:spruce_planks":116,"minecraft:wooden_pickaxe":1,"minecraft:iron_helmet":1,"minecraft:cooked_salmon":6,"minecraft:copper_ingot":60,"minecraft:bucket":1,"minecraft:birch_planks":24,"minecraft:stone_axe":1,"minecraft:bread":4,"minecraft:air":0,"minecraft:wooden_hoe":1,"minecraft:iron_chestplate":2,"minecraft:charcoal":14,"minecraft:shield":1,"minecraft:stick":84,"minecraft:iron_ingot":67,"minecraft:iron_pickaxe":3,"minecraft:wooden_axe":1,"minecraft:iron_leggings":1,"minecraft:iron_shovel":1,"minecraft:gold_ingot":9,"minecraft:torch":232},"minecraft:killed":{"minecraft:skeleton":7,"minecraft:chicken":1,"mowziesmobs:grottol":1,"minecraft:pig":7,"graveyard:ghoul":1,"minecraft:salmon":13,"minecraft:creeper":1,"minecraft:sheep":4,"minecraft:zombie":10,"minecraft:cow":10},"minecraft:custom":{"lootr:looted_stat":4,"minecraft:mob_kills":55,"minecraft:interact_with_crafting_table":41,"minecraft:open_barrel":2,"goblintraders:trade_with_goblin":47,"minecraft:eat_cake_slice":6,"minecraft:leave_game":11,"minecraft:time_since_death":44180,"minecraft:climb_one_cm":188,"minecraft:sprint_one_cm":584112,"minecraft:walk_one_cm":337351,"minecraft:damage_blocked_by_shield":1995,"minecraft:drop":89,"minecraft:talked_to_villager":1,"minecraft:play_time":235664,"minecraft:deaths":9,"minecraft:sneak_time":26313,"minecraft:walk_under_water_one_cm":42928,"minecraft:jump":3397,"minecraft:walk_on_water_one_cm":54054,"minecraft:total_world_time":235664,"minecraft:interact_with_furnace":89,"minecraft:sleep_in_bed":1,"minecraft:time_since_rest":21565,"minecraft:waystone_activated":2,"minecraft:damage_taken":5864,"minecraft:damage_dealt":6616,"minecraft:swim_one_cm":42091,"minecraft:fly_one_cm":943553,"minecraft:open_chest":1,"minecraft:crouch_one_cm":100261,"minecraft:aviate_one_cm":348348,"minecraft:fall_one_cm":103124},"minecraft:mined":{"minecraft:tuff":11,"minecraft:spruce_planks":3,"minecraft:farmland":6,"minecraft:deepslate_diamond_ore":5,"minecraft:glow_lichen":1,"gravestone:gravestone":7,"minecraft:granite":5,"minecraft:grass_block":82,"minecraft:stone_brick_wall":1,"minecraft:spruce_leaves":8,"minecraft:sculk_catalyst":1,"minecraft:furnace":20,"minecraft:iron_ore":55,"minecraft:cobbled_deepslate":5,"minecraft:andesite":6,"minecraft:stripped_spruce_log":1,"minecraft:deepslate_lapis_ore":2,"minecraft:sculk_shrieker":2,"biomesoplenty:high_grass":333,"minecraft:deepslate_iron_ore":30,"minecraft:iron_bars":5,"minecraft:iron_block":1,"minecraft:stone":245,"minecraft:deepslate_redstone_ore":16,"minecraft:smoker":1,"minecraft:crafting_table":14,"minecraft:torch":14,"minecraft:melon":7,"minecraft:sculk_sensor":5,"biomesoplenty:high_grass_plant":757,"minecraft:tall_grass":59,"minecraft:copper_ore":51,"minecraft:cobblestone":14,"biomesoplenty:huge_clover_petal":21,"biomesoplenty:sprout":1,"minecraft:lapis_ore":2,"minecraft:deepslate_gold_ore":14,"minecraft:oak_planks":2,"minecraft:sculk":32,"minecraft:wall_torch":10,"minecraft:birch_log":6,"minecraft:wheat":12,"biomesoplenty:pink_daffodil":9,"minecraft:spruce_log":37,"minecraft:birch_leaves":1,"biomesoplenty:clover":20,"minecraft:grass":476,"minecraft:oak_log":53,"minecraft:coal_ore":127,"minecraft:gravel":2,"minecraft:dirt":35,"minecraft:cobweb":30,"dynamictrees:oak_sapling":1,"minecraft:chipped_anvil":1,"minecraft:oak_leaves":9,"minecraft:deepslate":268,"minecraft:fern":6},"minecraft:used":{"minecraft:iron_shovel":100,"minecraft:elytra":1,"minecraft:spruce_planks":86,"minecraft:shield":39,"minecraft:cooked_salmon":4,"minecraft:cooked_chicken":1,"dynamictrees:oak_seed":4,"minecraft:rotten_flesh":3,"minecraft:iron_chestplate":1,"minecraft:torch":227,"minecraft:dirt":134,"minecraft:tuff":11,"minecraft:granite":2,"minecraft:wooden_axe":13,"minecraft:iron_axe":52,"slashblade:slashblade":71,"minecraft:grass_block":56,"minecraft:oak_sapling":1,"minecraft:furnace":18,"minecraft:cobbled_deepslate":48,"minecraft:iron_leggings":1,"minecraft:wheat_seeds":12,"minecraft:cooked_mutton":1,"minecraft:water_bucket":111,"minecraft:birch_planks":3,"minecraft:stone_pickaxe":132,"minecraft:oak_planks":1,"minecraft:wooden_pickaxe":4,"minecraft:crafting_table":18,"minecraft:spruce_log":8,"minecraft:wooden_hoe":748,"minecraft:lever":1,"minecraft:diamond_pickaxe":209,"minecraft:apple":3,"minecraft:firework_rocket":10,"minecraft:melon_slice":7,"minecraft:command_block":2,"minecraft:bread":17,"minecraft:iron_pickaxe":509,"minecraft:gravel":3,"minecraft:stone_axe":112,"minecraft:diamond_sword":74,"minecraft:cobblestone":171,"minecraft:cooked_porkchop":11,"minecraft:bucket":112,"minecraft:bone_meal":34},"minecraft:picked_up":{"minecraft:charcoal":6,"minecraft:crafting_table":14,"minecraft:wheat":12,"minecraft:azure_bluet":1,"minecraft:chicken":1,"minecraft:diamond_sword":1,"minecraft:stone_brick_wall":2,"gravestone:obituary":2,"minecraft:iron_axe":1,"minecraft:string":30,"minecraft:raw_copper":184,"minecraft:cooked_salmon":3,"minecraft:cobbled_deepslate":264,"minecraft:spruce_planks":55,"minecraft:beef":27,"dynamictrees:oak_seed":3,"minecraft:melon_slice":32,"minecraft:birch_sapling":3,"minecraft:iron_boots":1,"minecraft:furnace":19,"minecraft:stick":10,"minecraft:raw_iron":105,"minecraft:torch":29,"sophisticatedbackpacks:backpack":1,"minecraft:porkchop":15,"minecraft:redstone":396,"minecraft:stone_pressure_plate":4,"minecraft:arrow":8,"minecraft:rotten_flesh":12,"minecraft:iron_block":1,"minecraft:mutton":7,"minecraft:white_wool":10,"minecraft:cobblestone":263,"minecraft:birch_log":6,"minecraft:feather":2,"minecraft:salmon":9,"minecraft:leather":12,"minecraft:smoker":1,"minecraft:tuff":11,"minecraft:oak_log":54,"minecraft:gunpowder":2,"minecraft:lapis_lazuli":6,"minecraft:wooden_hoe":1,"minecraft:dirt":232,"minecraft:bone":13,"minecraft:chipped_anvil":1,"minecraft:apple":3,"minecraft:wheat_seeds":78,"minecraft:raw_gold":6,"minecraft:iron_ingot":4,"minecraft:oak_planks":50,"minecraft:cooked_porkchop":5,"minecraft:dandelion":3,"minecraft:gravel":8,"minecraft:stripped_spruce_log":1,"minecraft:spruce_sapling":1,"minecraft:spruce_log":36,"minecraft:diamond":6,"minecraft:granite":2,"minecraft:oak_sapling":3,"minecraft:coal":153,"minecraft:diamond_pickaxe":1},"minecraft:broken":{"minecraft:stone_pickaxe":1,"minecraft:stone_axe":1,"minecraft:iron_pickaxe":2,"minecraft:wooden_hoe":1}},"DataVersion":3465}