{"stats":{"minecraft:dropped":{"minecraft:iron_ingot":9,"minecraft:bread":8,"minecraft:lapis_lazuli":6,"minecraft:diamond":6,"minecraft:copper_ingot":60,"minecraft:coal":2,"minecraft:wooden_hoe":1,"minecraft:torch":6,"minecraft:mutton":4,"minecraft:cooked_salmon":5,"gravestone:obituary":8,"minecraft:iron_pickaxe":1,"minecraft:white_wool":6,"minecraft:spruce_sapling":1,"minecraft:dandelion":1,"minecraft:gold_ingot":9,"minecraft:redstone":61,"minecraft:gravel":5,"minecraft:raw_copper":41,"minecraft:birch_sapling":3,"minecraft:raw_iron":2,"minecraft:rotten_flesh":2,"minecraft:oak_planks":59,"minecraft:iron_chestplate":1,"minecraft:oak_sapling":1},"minecraft:picked_up":{"minecraft:charcoal":6,"minecraft:crafting_table":10,"minecraft:wheat":12,"minecraft:chicken":1,"minecraft:diamond_sword":1,"minecraft:stone_brick_wall":1,"gravestone:obituary":1,"minecraft:raw_copper":96,"minecraft:cooked_salmon":3,"minecraft:cobbled_deepslate":261,"dynamictrees:oak_seed":2,"minecraft:birch_sapling":3,"minecraft:iron_boots":1,"minecraft:furnace":13,"minecraft:stick":6,"minecraft:raw_iron":63,"minecraft:torch":29,"minecraft:porkchop":4,"minecraft:redstone":122,"minecraft:arrow":3,"minecraft:rotten_flesh":12,"minecraft:mutton":7,"minecraft:white_wool":10,"minecraft:cobblestone":249,"minecraft:birch_log":6,"minecraft:feather":2,"minecraft:salmon":9,"minecraft:smoker":1,"minecraft:tuff":11,"minecraft:oak_log":54,"minecraft:gunpowder":2,"minecraft:wooden_hoe":1,"minecraft:lapis_lazuli":6,"minecraft:dirt":149,"minecraft:bone":4,"minecraft:chipped_anvil":1,"minecraft:apple":3,"minecraft:wheat_seeds":39,"minecraft:raw_gold":6,"minecraft:iron_ingot":4,"minecraft:oak_planks":50,"minecraft:dandelion":3,"minecraft:gravel":8,"minecraft:spruce_sapling":1,"minecraft:spruce_log":8,"minecraft:diamond":6,"minecraft:granite":1,"minecraft:oak_sapling":3,"minecraft:coal":128,"minecraft:diamond_pickaxe":1},"minecraft:killed_by":{"minecraft:player":1},"minecraft:crafted":{"minecraft:oak_planks":128,"minecraft:cooked_chicken":1,"minecraft:furnace":4,"minecraft:bone_meal":3,"minecraft:cooked_mutton":1,"minecraft:stone_pickaxe":1,"minecraft:cooked_porkchop":4,"minecraft:crafting_table":4,"minecraft:wooden_pickaxe":1,"minecraft:iron_helmet":1,"minecraft:cooked_salmon":6,"minecraft:copper_ingot":60,"minecraft:bucket":1,"minecraft:birch_planks":24,"minecraft:stone_axe":1,"minecraft:bread":4,"minecraft:air":0,"minecraft:iron_chestplate":2,"minecraft:wooden_hoe":1,"minecraft:charcoal":14,"minecraft:shield":1,"minecraft:stick":44,"minecraft:iron_ingot":50,"minecraft:iron_pickaxe":3,"minecraft:wooden_axe":1,"minecraft:iron_leggings":1,"minecraft:iron_shovel":1,"minecraft:gold_ingot":9,"minecraft:torch":124},"minecraft:killed":{"minecraft:skeleton":3,"minecraft:chicken":1,"mowziesmobs:grottol":1,"minecraft:pig":2,"graveyard:ghoul":1,"minecraft:salmon":13,"minecraft:creeper":1,"minecraft:sheep":4,"minecraft:zombie":10},"minecraft:custom":{"minecraft:mob_kills":36,"minecraft:open_barrel":2,"minecraft:interact_with_crafting_table":31,"goblintraders:trade_with_goblin":47,"minecraft:leave_game":8,"minecraft:time_since_death":81113,"minecraft:sprint_one_cm":336869,"minecraft:walk_one_cm":209944,"minecraft:damage_blocked_by_shield":1425,"minecraft:drop":63,"minecraft:play_time":158134,"minecraft:deaths":8,"minecraft:sneak_time":20437,"minecraft:walk_under_water_one_cm":33834,"minecraft:jump":2040,"minecraft:walk_on_water_one_cm":31377,"minecraft:total_world_time":158134,"minecraft:interact_with_furnace":75,"minecraft:time_since_rest":81146,"minecraft:damage_taken":5142,"minecraft:damage_dealt":4077,"minecraft:swim_one_cm":21692,"minecraft:fly_one_cm":422812,"minecraft:crouch_one_cm":81715,"minecraft:aviate_one_cm":348348,"minecraft:fall_one_cm":60132},"minecraft:used":{"minecraft:iron_shovel":15,"minecraft:elytra":1,"minecraft:shield":29,"dynamictrees:oak_seed":1,"minecraft:cooked_salmon":4,"minecraft:cooked_chicken":1,"minecraft:rotten_flesh":3,"minecraft:iron_chestplate":1,"minecraft:torch":209,"minecraft:dirt":51,"minecraft:tuff":11,"minecraft:wooden_axe":13,"slashblade:slashblade":71,"minecraft:grass_block":56,"minecraft:furnace":15,"minecraft:oak_sapling":1,"minecraft:cobbled_deepslate":45,"minecraft:iron_leggings":1,"minecraft:wheat_seeds":12,"minecraft:cooked_mutton":1,"minecraft:water_bucket":12,"minecraft:birch_planks":3,"minecraft:stone_pickaxe":132,"minecraft:oak_planks":1,"minecraft:wooden_pickaxe":4,"minecraft:crafting_table":14,"minecraft:lever":1,"minecraft:wooden_hoe":45,"minecraft:diamond_pickaxe":142,"minecraft:apple":3,"minecraft:firework_rocket":10,"minecraft:command_block":2,"minecraft:bread":16,"minecraft:iron_pickaxe":509,"minecraft:gravel":3,"minecraft:stone_axe":88,"minecraft:diamond_sword":24,"minecraft:cobblestone":53,"minecraft:cooked_porkchop":4,"minecraft:bucket":12,"minecraft:bone_meal":34},"minecraft:mined":{"minecraft:tuff":11,"minecraft:farmland":6,"minecraft:deepslate_diamond_ore":5,"minecraft:granite":4,"minecraft:glow_lichen":1,"gravestone:gravestone":6,"minecraft:grass_block":3,"minecraft:stone_brick_wall":1,"minecraft:spruce_leaves":4,"minecraft:sculk_catalyst":1,"minecraft:furnace":13,"minecraft:iron_ore":44,"minecraft:cobbled_deepslate":2,"minecraft:andesite":6,"minecraft:deepslate_lapis_ore":2,"biomesoplenty:high_grass":14,"minecraft:deepslate_iron_ore":30,"minecraft:stone":241,"minecraft:deepslate_redstone_ore":14,"minecraft:smoker":1,"minecraft:crafting_table":10,"minecraft:torch":14,"minecraft:sculk_sensor":4,"biomesoplenty:high_grass_plant":27,"minecraft:cobblestone":4,"minecraft:tall_grass":1,"minecraft:copper_ore":28,"minecraft:lapis_ore":2,"minecraft:deepslate_gold_ore":14,"minecraft:oak_planks":2,"minecraft:sculk":32,"minecraft:wall_torch":10,"minecraft:birch_log":6,"minecraft:wheat":12,"minecraft:spruce_log":9,"minecraft:birch_leaves":1,"minecraft:grass":28,"minecraft:oak_log":53,"minecraft:coal_ore":127,"minecraft:gravel":2,"minecraft:dirt":31,"minecraft:chipped_anvil":1,"minecraft:oak_leaves":9,"minecraft:deepslate":268},"minecraft:broken":{"minecraft:stone_pickaxe":1,"minecraft:iron_pickaxe":2}},"DataVersion":3465}