{"stats":{"minecraft:used":{"minecraft:nether_brick_fence":3,"create:deployer":5,"minecraft:iron_shovel":443,"minecraft:elytra":1,"minecraft:chest":55,"minecraft:shield":44,"minecraft:rotten_flesh":3,"minecraft:iron_chestplate":1,"create:cogwheel":40,"minecraft:nether_bricks":28,"create:depot":5,"minecraft:furnace_minecart":1,"minecraft:tuff":11,"minecraft:azure_bluet":2,"minecraft:obsidian":10,"minecraft:glass":91,"minecraft:lava_bucket":7,"minecraft:grass_block":56,"create:millstone":20,"create:shaft":16,"minecraft:oak_sapling":1,"minecraft:furnace":28,"create:mechanical_drill":29,"minecraft:egg":1,"minecraft:potato":32,"minecraft:diorite":8,"minecraft:stripped_birch_log":16,"minecraft:oak_planks":1,"minecraft:stone_pickaxe":132,"minecraft:wooden_pickaxe":4,"minecraft:lever":4,"minecraft:firework_rocket":10,"minecraft:melon_slice":96,"minecraft:bread":17,"minecraft:gravel":10,"create:white_seat":1,"minecraft:diamond_sword":185,"create:basin":5,"minecraft:poisonous_potato":1,"minecraft:andesite":33,"minecraft:birch_log":55,"minecraft:bone_meal":111,"create:large_cogwheel":36,"biomesoplenty:clover":3,"biomesoplenty:mahogany_planks":7,"minecraft:flint_and_steel":1,"biomesoplenty:redwood_planks":111,"minecraft:spruce_planks":265,"minecraft:cooked_salmon":4,"dynamictrees:oak_seed":4,"minecraft:cooked_chicken":3,"minecraft:netherrack":62,"minecraft:oak_door":4,"minecraft:torch":364,"minecraft:dirt":216,"create:mechanical_mixer":4,"create:mechanical_plough":2,"minecraft:granite":2,"minecraft:iron_hoe":178,"minecraft:wooden_axe":13,"minecraft:chipped_anvil":3,"create:wrench":142,"biomesoplenty:redwood_wood":69,"minecraft:iron_axe":1531,"slashblade:slashblade":71,"minecraft:jungle_log":2,"create:cart_assembler":3,"minecraft:cooked_beef":7,"minecraft:cobbled_deepslate":49,"minecraft:iron_leggings":1,"minecraft:wheat_seeds":311,"minecraft:cooked_mutton":10,"minecraft:water_bucket":159,"minecraft:birch_planks":3,"create:furnace_minecart_contraption":5,"create:blaze_burner":1,"biomesoplenty:mahogany_log":67,"minecraft:rail":27,"minecraft:terracotta":3,"minecraft:crafting_table":22,"minecraft:white_bed":3,"minecraft:spruce_log":30,"create:linear_chassis":34,"minecraft:wooden_hoe":748,"minecraft:diamond_pickaxe":818,"minecraft:apple":3,"create:mechanical_press":35,"biomesoplenty:pink_daffodil":5,"minecraft:command_block":2,"minecraft:iron_pickaxe":509,"minecraft:spruce_pressure_plate":2,"create:water_wheel":21,"create:large_water_wheel":8,"minecraft:stone_axe":112,"minecraft:cobblestone":302,"minecraft:cooked_porkchop":15,"minecraft:bucket":171,"minecraft:dandelion":1},"minecraft:custom":{"lootr:looted_stat":6,"minecraft:interact_with_crafting_table":138,"minecraft:open_barrel":2,"goblintraders:trade_with_goblin":47,"minecraft:eat_cake_slice":6,"minecraft:leave_game":16,"minecraft:time_since_death":2445,"minecraft:sprint_one_cm":1297730,"minecraft:damage_blocked_by_shield":2295,"minecraft:drop":290,"minecraft:talked_to_villager":1,"minecraft:play_time":612123,"minecraft:deaths":14,"minecraft:jump":6871,"minecraft:walk_on_water_one_cm":104096,"minecraft:interact_with_furnace":168,"minecraft:sleep_in_bed":24,"minecraft:waystone_activated":2,"minecraft:damage_dealt":10878,"minecraft:crouch_one_cm":172443,"minecraft:interact_with_anvil":5,"minecraft:mob_kills":81,"minecraft:climb_one_cm":268,"minecraft:walk_one_cm":1119565,"minecraft:sneak_time":47900,"minecraft:walk_under_water_one_cm":58710,"minecraft:total_world_time":612123,"minecraft:time_since_rest":2474,"minecraft:damage_taken":10313,"minecraft:swim_one_cm":69065,"minecraft:fly_one_cm":1619148,"minecraft:open_chest":250,"minecraft:aviate_one_cm":348348,"minecraft:fall_one_cm":194969},"minecraft:killed_by":{"minecraft:player":1},"minecraft:crafted":{"minecraft:oak_planks":136,"minecraft:cooked_chicken":3,"biomesoplenty:redwood_slab":6,"minecraft:lever":1,"create:deployer":2,"minecraft:cooked_mutton":10,"minecraft:spruce_pressure_plate":2,"minecraft:raw_copper":99,"create:cart_assembler":1,"create:mechanical_press":1,"minecraft:chest":47,"minecraft:rail":48,"create:cogwheel":9,"create:brass_hand":2,"minecraft:raw_iron_block":3,"create:mechanical_plough":1,"minecraft:furnace_minecart":1,"create:depot":1,"sophisticatedbackpacks:backpack":3,"create:rose_quartz":2,"minecraft:cooked_porkchop":10,"minecraft:crafting_table":6,"minecraft:spruce_planks":488,"minecraft:iron_helmet":1,"minecraft:wooden_pickaxe":1,"minecraft:copper_ingot":140,"minecraft:birch_planks":24,"create:mechanical_mixer":1,"minecraft:wooden_hoe":1,"minecraft:iron_chestplate":2,"minecraft:charcoal":14,"create:water_wheel":2,"minecraft:shield":1,"create:super_glue":2,"minecraft:stick":84,"create:white_seat":1,"minecraft:iron_ingot":75,"minecraft:iron_pickaxe":3,"minecraft:iron_block":1,"minecraft:gold_ingot":22,"create:large_cogwheel":7,"create:empty_blaze_burner":1,"minecraft:oak_door":3,"minecraft:raw_iron":27,"minecraft:coal":99,"create:wrench":1,"minecraft:iron_nugget":99,"biomesoplenty:mahogany_planks":8,"minecraft:furnace":4,"minecraft:bone_meal":21,"minecraft:raw_copper_block":11,"minecraft:flint_and_steel":1,"minecraft:iron_axe":3,"minecraft:iron_hoe":1,"create:millstone":1,"minecraft:stone_pickaxe":1,"create:basin":1,"create:electron_tube":2,"minecraft:minecart":1,"sophisticatedbackpacks:iron_backpack":1,"minecraft:cooked_beef":23,"minecraft:coal_block":11,"create:andesite_alloy":40,"biomesoplenty:redwood_planks":340,"create:dough":4,"create:goggles":1,"create:large_water_wheel":1,"minecraft:cooked_salmon":6,"minecraft:bucket":2,"minecraft:stone_axe":1,"minecraft:bread":4,"minecraft:air":0,"create:whisk":1,"create:linear_chassis":24,"minecraft:wooden_axe":1,"minecraft:iron_shovel":2,"minecraft:iron_leggings":1,"minecraft:white_bed":1,"create:mechanical_drill":25,"create:shaft":40,"minecraft:torch":248,"create:zinc_ingot":27},"minecraft:killed":{"minecraft:skeleton":9,"minecraft:chicken":3,"minecraft:pig":7,"minecraft:salmon":13,"minecraft:creeper":1,"minecraft:sheep":9,"minecraft:zombie":12,"minecraft:blaze":13,"minecraft:cow":10,"minecraft:drowned":2,"mowziesmobs:grottol":1,"graveyard:ghoul":1},"minecraft:broken":{"minecraft:stone_pickaxe":1,"minecraft:stone_axe":1,"minecraft:shield":1,"minecraft:iron_axe":2,"minecraft:iron_pickaxe":2,"minecraft:wooden_hoe":1},"minecraft:picked_up":{"minecraft:wheat":178,"minecraft:nether_brick_fence":3,"minecraft:diamond_sword":1,"biomesoplenty:stripped_redwood_wood":2,"minecraft:string":48,"minecraft:raw_copper":191,"minecraft:cooked_salmon":3,"create:water_wheel":19,"create:mechanical_press":33,"create:cart_assembler":1,"minecraft:gold_nugget":122,"minecraft:cobbled_deepslate":455,"minecraft:spruce_planks":76,"dynamictrees:oak_seed":48,"biomesoplenty:redwood_wood":573,"minecraft:melon_slice":131,"minecraft:iron_boots":1,"minecraft:furnace":25,"minecraft:stick":396,"create:mechanical_mixer":2,"create:dough":2,"minecraft:torch":134,"create:andesite_casing":37,"minecraft:porkchop":23,"minecraft:diorite":8,"create:large_cogwheel":25,"minecraft:rotten_flesh":12,"biomesoplenty:mahogany_sapling":36,"minecraft:iron_block":1,"minecraft:blaze_rod":5,"minecraft:obsidian":10,"minecraft:cobblestone":1996,"minecraft:birch_log":467,"minecraft:feather":6,"minecraft:andesite":61,"minecraft:jungle_log":34,"minecraft:smoker":1,"minecraft:potato":37,"minecraft:flint":1,"minecraft:tuff":11,"minecraft:lapis_lazuli":6,"minecraft:stripped_birch_log":66,"minecraft:dirt":592,"create:mechanical_plough":1,"minecraft:bone":20,"minecraft:chipped_anvil":3,"minecraft:wheat_seeds":614,"minecraft:raw_gold":6,"create:mechanical_drill":8,"create:goggles":1,"create:shaft":31,"minecraft:oak_planks":50,"biomesoplenty:mahogany_planks":12,"biomesoplenty:clover":3,"minecraft:cooked_porkchop":5,"create:cogwheel":21,"minecraft:poisonous_potato":1,"minecraft:stripped_spruce_log":1,"irons_spellbooks:blaze_spell_book":1,"minecraft:diamond":6,"minecraft:lever":2,"minecraft:granite":2,"minecraft:bread":28,"biomesoplenty:pink_daffodil":5,"minecraft:oak_sapling":3,"minecraft:netherrack":70,"minecraft:diamond_pickaxe":1,"minecraft:cocoa_beans":20,"minecraft:charcoal":6,"minecraft:crafting_table":16,"minecraft:azure_bluet":3,"minecraft:chicken":7,"minecraft:stone_brick_wall":2,"gravestone:obituary":3,"minecraft:iron_axe":1,"minecraft:beef":73,"create:basin":4,"minecraft:light_gray_wool":2,"minecraft:chest":21,"minecraft:birch_sapling":3,"create:linear_chassis":19,"minecraft:raw_copper_block":11,"minecraft:egg":1,"minecraft:raw_iron":105,"minecraft:oak_door":3,"create:golden_sheet":3,"sophisticatedbackpacks:backpack":1,"minecraft:redstone":470,"minecraft:stone_pressure_plate":4,"create:zinc_ingot":1,"create:deployer":3,"biomesoplenty:redwood_planks":67,"minecraft:arrow":19,"minecraft:nether_bricks":30,"create:depot":4,"minecraft:gold_ingot":1,"biomesoplenty:redwood_sapling":10,"minecraft:mutton":34,"minecraft:rail":23,"minecraft:white_wool":15,"create:iron_sheet":17,"create:brass_sheet":8,"minecraft:salmon":9,"minecraft:leather":12,"minecraft:oak_log":96,"create:andesite_alloy":57,"minecraft:gunpowder":4,"create:blaze_burner":1,"minecraft:wooden_hoe":1,"biomesoplenty:glowing_moss_carpet":1,"minecraft:apple":3,"minecraft:iron_ingot":60,"dynamictrees:birch_seed":98,"create:large_water_wheel":7,"minecraft:quartz":98,"minecraft:dandelion":4,"minecraft:gravel":15,"minecraft:spruce_sapling":35,"minecraft:white_bed":2,"minecraft:spruce_log":306,"create:wheat_flour":20,"biomesoplenty:mahogany_log":453,"create:millstone":19,"minecraft:lime_dye":30,"minecraft:slime_ball":4,"create:brass_ingot":8,"minecraft:terracotta":3,"minecraft:coal":244},"minecraft:mined":{"minecraft:spruce_planks":24,"minecraft:white_bed":2,"minecraft:farmland":6,"create:andesite_casing":37,"minecraft:jungle_leaves":1,"minecraft:obsidian":10,"minecraft:granite":5,"minecraft:grass_block":358,"minecraft:stone_brick_wall":1,"minecraft:jungle_log":18,"minecraft:sculk_catalyst":1,"minecraft:iron_ore":55,"minecraft:cobbled_deepslate":5,"minecraft:fire":12,"minecraft:deepslate_lapis_ore":2,"minecraft:azure_bluet":2,"minecraft:sculk_shrieker":2,"create:mechanical_plough":1,"minecraft:iron_bars":5,"minecraft:iron_block":1,"create:mechanical_press":33,"minecraft:deepslate_redstone_ore":16,"create:cogwheel":17,"minecraft:smoker":1,"minecraft:torch":34,"minecraft:melon":21,"minecraft:chest":15,"minecraft:nether_quartz_ore":45,"minecraft:glass":1,"minecraft:cobblestone":110,"minecraft:oak_planks":2,"minecraft:wall_torch":24,"create:large_water_wheel":3,"create:basin":4,"minecraft:birch_log":10,"minecraft:wheat":177,"create:mechanical_mixer":3,"dynamictrees:birch_leaves":3,"minecraft:grass":749,"biomesoplenty:clover":47,"minecraft:oak_log":53,"minecraft:dirt":131,"minecraft:netherrack":75,"create:linear_chassis":19,"minecraft:deepslate":268,"minecraft:oak_leaves":9,"minecraft:nether_gold_ore":22,"minecraft:tuff":11,"create:millstone":18,"minecraft:deepslate_diamond_ore":5,"minecraft:oak_door":2,"minecraft:stripped_birch_log":49,"minecraft:glow_lichen":1,"minecraft:lever":1,"gravestone:gravestone":12,"minecraft:nether_bricks":31,"create:large_cogwheel":20,"create:depot":4,"minecraft:spruce_leaves":583,"minecraft:large_fern":1,"dynamictrees:oak_leaves":2,"create:shaft":12,"minecraft:furnace":26,"minecraft:andesite":67,"minecraft:stripped_spruce_log":1,"minecraft:nether_brick_fence":4,"minecraft:potatoes":4,"biomesoplenty:mahogany_leaves":181,"biomesoplenty:high_grass":700,"minecraft:deepslate_iron_ore":30,"minecraft:vine":4,"create:cart_assembler":1,"minecraft:rail":20,"create:deployer":3,"minecraft:stone":315,"biomesoplenty:redwood_planks":54,"minecraft:dandelion":1,"minecraft:crafting_table":17,"biomesoplenty:mahogany_planks":7,"minecraft:sculk_sensor":5,"create:water_wheel":19,"biomesoplenty:high_grass_plant":1462,"minecraft:copper_ore":51,"minecraft:tall_grass":113,"minecraft:deepslate_gold_ore":14,"biomesoplenty:sprout":1,"biomesoplenty:huge_clover_petal":33,"minecraft:lapis_ore":2,"minecraft:sculk":32,"minecraft:diorite":8,"create:water_wheel_structure":4,"create:blaze_burner":1,"biomesoplenty:mahogany_log":266,"biomesoplenty:pink_daffodil":15,"minecraft:spruce_log":311,"minecraft:birch_leaves":1,"create:mechanical_drill":8,"minecraft:coal_ore":128,"biomesoplenty:redwood_leaves":79,"minecraft:gravel":10,"biomesoplenty:stripped_redwood_wood":2,"minecraft:cobweb":30,"dynamictrees:oak_sapling":1,"minecraft:terracotta":3,"minecraft:chipped_anvil":3,"biomesoplenty:redwood_wood":388,"minecraft:fern":27},"minecraft:dropped":{"minecraft:porkchop":4,"create:millstone":1,"minecraft:lapis_lazuli":6,"minecraft:diamond":6,"biomesoplenty:mahogany_planks":5,"minecraft:dirt":27,"minecraft:raw_copper_block":11,"minecraft:mutton":13,"gravestone:obituary":16,"create:goggles":1,"create:large_cogwheel":6,"minecraft:iron_pickaxe":1,"minecraft:birch_log":191,"minecraft:white_wool":7,"minecraft:gold_ingot":15,"minecraft:bone":12,"minecraft:gravel":5,"dynamictrees:oak_seed":10,"minecraft:cobbled_deepslate":191,"biomesoplenty:redwood_sapling":5,"minecraft:wheat":25,"minecraft:birch_sapling":3,"minecraft:rotten_flesh":2,"minecraft:oak_planks":59,"minecraft:lime_dye":38,"minecraft:gunpowder":2,"minecraft:jungle_log":16,"minecraft:stone_brick_wall":2,"create:brass_ingot":16,"create:wheat_flour":17,"minecraft:arrow":8,"biomesoplenty:mahogany_sapling":18,"minecraft:beef":27,"minecraft:quartz":8,"create:andesite_alloy":62,"minecraft:iron_ingot":49,"biomesoplenty:mahogany_log":192,"minecraft:bread":22,"minecraft:wheat_seeds":78,"dynamictrees:birch_seed":69,"biomesoplenty:redwood_wood":192,"minecraft:feather":3,"minecraft:cobblestone":1581,"minecraft:copper_ingot":70,"minecraft:coal":9,"minecraft:stick":21,"minecraft:wooden_hoe":1,"minecraft:torch":70,"minecraft:cooked_salmon":5,"minecraft:stripped_birch_log":17,"minecraft:iron_axe":1,"minecraft:string":18,"minecraft:spruce_sapling":1,"minecraft:dandelion":1,"minecraft:redstone":406,"minecraft:raw_copper":55,"minecraft:cocoa_beans":10,"minecraft:raw_iron":2,"minecraft:chicken":2,"biomesoplenty:redwood_planks":13,"minecraft:light_gray_wool":1,"sophisticatedbackpacks:backpack":1,"minecraft:potato":5,"create:dough":10,"minecraft:spruce_planks":26,"create:zinc_ingot":5,"minecraft:iron_chestplate":1,"minecraft:oak_sapling":2,"minecraft:stone_pressure_plate":4,"minecraft:slime_ball":2}},"DataVersion":3465}