{"stats":{"minecraft:used":{"minecraft:nether_brick_fence":3,"minecraft:iron_shovel":435,"minecraft:elytra":1,"minecraft:chest":22,"minecraft:shield":44,"minecraft:rotten_flesh":3,"minecraft:iron_chestplate":1,"create:cogwheel":40,"minecraft:nether_bricks":28,"create:depot":5,"minecraft:tuff":11,"minecraft:azure_bluet":2,"minecraft:obsidian":10,"minecraft:glass":91,"minecraft:lava_bucket":7,"minecraft:grass_block":56,"create:millstone":20,"create:shaft":15,"minecraft:oak_sapling":1,"minecraft:furnace":28,"minecraft:egg":1,"minecraft:potato":5,"minecraft:stripped_birch_log":10,"minecraft:oak_planks":1,"minecraft:stone_pickaxe":132,"minecraft:wooden_pickaxe":4,"minecraft:lever":1,"minecraft:firework_rocket":10,"minecraft:melon_slice":96,"minecraft:bread":17,"minecraft:gravel":10,"minecraft:diamond_sword":169,"create:basin":4,"minecraft:andesite":28,"minecraft:birch_log":36,"minecraft:bone_meal":111,"create:large_cogwheel":36,"biomesoplenty:clover":3,"biomesoplenty:mahogany_planks":7,"minecraft:flint_and_steel":1,"biomesoplenty:redwood_planks":111,"minecraft:spruce_planks":265,"dynamictrees:oak_seed":4,"minecraft:cooked_salmon":4,"minecraft:cooked_chicken":3,"minecraft:netherrack":61,"minecraft:oak_door":4,"minecraft:torch":307,"minecraft:dirt":210,"create:mechanical_mixer":4,"minecraft:granite":2,"minecraft:iron_hoe":173,"minecraft:wooden_axe":13,"minecraft:chipped_anvil":3,"create:wrench":11,"biomesoplenty:redwood_wood":49,"minecraft:iron_axe":1436,"slashblade:slashblade":71,"minecraft:jungle_log":2,"minecraft:cooked_beef":1,"minecraft:cobbled_deepslate":49,"minecraft:iron_leggings":1,"minecraft:wheat_seeds":178,"minecraft:cooked_mutton":10,"minecraft:water_bucket":158,"minecraft:birch_planks":3,"create:blaze_burner":1,"biomesoplenty:mahogany_log":67,"minecraft:rail":1,"minecraft:crafting_table":22,"minecraft:white_bed":3,"minecraft:spruce_log":30,"minecraft:wooden_hoe":748,"minecraft:diamond_pickaxe":642,"minecraft:apple":3,"create:mechanical_press":35,"biomesoplenty:pink_daffodil":5,"minecraft:command_block":2,"minecraft:iron_pickaxe":509,"minecraft:spruce_pressure_plate":2,"create:water_wheel":21,"create:large_water_wheel":8,"minecraft:stone_axe":112,"minecraft:cobblestone":252,"minecraft:cooked_porkchop":15,"minecraft:bucket":170,"minecraft:dandelion":1},"minecraft:custom":{"lootr:looted_stat":6,"minecraft:interact_with_crafting_table":109,"minecraft:open_barrel":2,"goblintraders:trade_with_goblin":47,"minecraft:eat_cake_slice":6,"minecraft:leave_game":15,"minecraft:time_since_death":32650,"minecraft:sprint_one_cm":1149571,"minecraft:damage_blocked_by_shield":2295,"minecraft:drop":225,"minecraft:talked_to_villager":1,"minecraft:play_time":513096,"minecraft:deaths":12,"minecraft:jump":6161,"minecraft:walk_on_water_one_cm":97008,"minecraft:interact_with_furnace":160,"minecraft:sleep_in_bed":18,"minecraft:waystone_activated":2,"minecraft:damage_dealt":10275,"minecraft:crouch_one_cm":144918,"minecraft:mob_kills":78,"minecraft:interact_with_anvil":5,"minecraft:climb_one_cm":268,"minecraft:walk_one_cm":861052,"minecraft:sneak_time":40482,"minecraft:walk_under_water_one_cm":54064,"minecraft:total_world_time":513096,"minecraft:time_since_rest":3800,"minecraft:damage_taken":9400,"minecraft:swim_one_cm":64680,"minecraft:fly_one_cm":1362790,"minecraft:open_chest":191,"minecraft:aviate_one_cm":348348,"minecraft:fall_one_cm":168857},"minecraft:killed_by":{"minecraft:player":1},"minecraft:crafted":{"minecraft:oak_planks":136,"minecraft:cooked_chicken":3,"minecraft:cooked_mutton":10,"minecraft:spruce_pressure_plate":2,"minecraft:raw_copper":99,"create:mechanical_press":1,"minecraft:chest":21,"minecraft:rail":48,"create:cogwheel":9,"create:brass_hand":2,"minecraft:raw_iron_block":3,"create:depot":1,"create:rose_quartz":1,"sophisticatedbackpacks:backpack":3,"minecraft:cooked_porkchop":10,"minecraft:crafting_table":6,"minecraft:spruce_planks":488,"minecraft:wooden_pickaxe":1,"minecraft:iron_helmet":1,"minecraft:copper_ingot":140,"minecraft:birch_planks":24,"create:mechanical_mixer":1,"minecraft:wooden_hoe":1,"minecraft:iron_chestplate":2,"minecraft:charcoal":14,"create:water_wheel":2,"minecraft:shield":1,"create:super_glue":2,"minecraft:stick":84,"minecraft:iron_ingot":70,"minecraft:iron_pickaxe":3,"minecraft:iron_block":1,"minecraft:gold_ingot":22,"create:large_cogwheel":7,"create:empty_blaze_burner":1,"minecraft:oak_door":3,"minecraft:raw_iron":27,"minecraft:coal":99,"create:wrench":1,"minecraft:iron_nugget":54,"biomesoplenty:mahogany_planks":8,"minecraft:furnace":4,"minecraft:bone_meal":21,"minecraft:raw_copper_block":11,"minecraft:flint_and_steel":1,"minecraft:iron_axe":3,"minecraft:iron_hoe":1,"create:millstone":1,"minecraft:stone_pickaxe":1,"create:basin":1,"sophisticatedbackpacks:iron_backpack":1,"minecraft:cooked_beef":23,"minecraft:coal_block":11,"create:andesite_alloy":18,"biomesoplenty:redwood_planks":148,"create:dough":4,"create:goggles":1,"create:large_water_wheel":1,"minecraft:cooked_salmon":6,"minecraft:bucket":2,"minecraft:stone_axe":1,"minecraft:bread":4,"minecraft:air":0,"create:whisk":1,"create:linear_chassis":9,"minecraft:wooden_axe":1,"minecraft:iron_shovel":2,"minecraft:iron_leggings":1,"minecraft:white_bed":1,"create:mechanical_drill":9,"create:shaft":40,"minecraft:torch":248,"create:zinc_ingot":27},"minecraft:killed":{"minecraft:skeleton":8,"minecraft:chicken":3,"minecraft:pig":7,"minecraft:salmon":13,"minecraft:creeper":1,"minecraft:sheep":9,"minecraft:zombie":10,"minecraft:blaze":13,"minecraft:cow":10,"minecraft:drowned":2,"mowziesmobs:grottol":1,"graveyard:ghoul":1},"minecraft:broken":{"minecraft:stone_pickaxe":1,"minecraft:stone_axe":1,"minecraft:shield":1,"minecraft:iron_axe":2,"minecraft:iron_pickaxe":2,"minecraft:wooden_hoe":1},"minecraft:picked_up":{"minecraft:wheat":54,"minecraft:nether_brick_fence":3,"minecraft:diamond_sword":1,"biomesoplenty:stripped_redwood_wood":2,"minecraft:string":48,"minecraft:raw_copper":191,"minecraft:cooked_salmon":3,"create:water_wheel":19,"minecraft:gold_nugget":122,"create:mechanical_press":33,"minecraft:cobbled_deepslate":455,"minecraft:spruce_planks":76,"dynamictrees:oak_seed":48,"biomesoplenty:redwood_wood":571,"minecraft:melon_slice":131,"minecraft:iron_boots":1,"minecraft:furnace":24,"minecraft:stick":395,"create:mechanical_mixer":2,"create:dough":2,"minecraft:torch":124,"create:andesite_casing":13,"minecraft:porkchop":23,"create:large_cogwheel":25,"minecraft:rotten_flesh":12,"biomesoplenty:mahogany_sapling":36,"minecraft:iron_block":1,"minecraft:blaze_rod":5,"minecraft:obsidian":10,"minecraft:cobblestone":367,"minecraft:birch_log":465,"minecraft:feather":6,"minecraft:andesite":1,"minecraft:jungle_log":34,"minecraft:smoker":1,"minecraft:potato":10,"minecraft:flint":1,"minecraft:tuff":11,"minecraft:stripped_birch_log":30,"minecraft:lapis_lazuli":6,"minecraft:dirt":579,"minecraft:bone":19,"minecraft:chipped_anvil":3,"minecraft:wheat_seeds":269,"minecraft:raw_gold":6,"create:goggles":1,"create:shaft":30,"minecraft:oak_planks":50,"biomesoplenty:mahogany_planks":12,"biomesoplenty:clover":3,"minecraft:cooked_porkchop":5,"create:cogwheel":21,"minecraft:stripped_spruce_log":1,"irons_spellbooks:blaze_spell_book":1,"minecraft:diamond":6,"minecraft:granite":2,"minecraft:bread":28,"biomesoplenty:pink_daffodil":5,"minecraft:oak_sapling":3,"minecraft:netherrack":70,"minecraft:diamond_pickaxe":1,"minecraft:cocoa_beans":20,"minecraft:charcoal":6,"minecraft:crafting_table":16,"minecraft:azure_bluet":3,"minecraft:chicken":7,"minecraft:stone_brick_wall":2,"gravestone:obituary":3,"minecraft:iron_axe":1,"minecraft:beef":73,"create:basin":4,"minecraft:light_gray_wool":2,"minecraft:chest":16,"minecraft:birch_sapling":3,"minecraft:raw_copper_block":11,"minecraft:egg":1,"minecraft:raw_iron":105,"minecraft:oak_door":3,"create:golden_sheet":3,"sophisticatedbackpacks:backpack":1,"minecraft:redstone":460,"create:zinc_ingot":1,"minecraft:stone_pressure_plate":4,"biomesoplenty:redwood_planks":67,"minecraft:arrow":18,"minecraft:nether_bricks":30,"create:depot":4,"minecraft:gold_ingot":1,"biomesoplenty:redwood_sapling":10,"minecraft:mutton":34,"minecraft:rail":1,"minecraft:white_wool":15,"create:iron_sheet":6,"create:brass_sheet":8,"minecraft:salmon":9,"minecraft:leather":12,"minecraft:oak_log":96,"minecraft:gunpowder":4,"create:blaze_burner":1,"minecraft:wooden_hoe":1,"minecraft:apple":3,"minecraft:iron_ingot":42,"dynamictrees:birch_seed":98,"create:large_water_wheel":7,"minecraft:quartz":90,"minecraft:dandelion":4,"minecraft:gravel":15,"minecraft:spruce_sapling":35,"minecraft:white_bed":2,"minecraft:spruce_log":306,"create:wheat_flour":20,"biomesoplenty:mahogany_log":453,"create:millstone":19,"minecraft:lime_dye":30,"create:brass_ingot":8,"minecraft:slime_ball":4,"minecraft:coal":243},"minecraft:mined":{"minecraft:spruce_planks":24,"minecraft:white_bed":2,"minecraft:farmland":6,"create:andesite_casing":13,"minecraft:jungle_leaves":1,"minecraft:obsidian":10,"minecraft:granite":5,"minecraft:grass_block":349,"minecraft:stone_brick_wall":1,"minecraft:jungle_log":18,"minecraft:sculk_catalyst":1,"minecraft:iron_ore":55,"minecraft:cobbled_deepslate":5,"minecraft:fire":12,"minecraft:deepslate_lapis_ore":2,"minecraft:azure_bluet":2,"minecraft:sculk_shrieker":2,"minecraft:iron_bars":5,"minecraft:iron_block":1,"create:mechanical_press":33,"minecraft:deepslate_redstone_ore":16,"create:cogwheel":17,"minecraft:smoker":1,"minecraft:torch":26,"minecraft:melon":21,"minecraft:chest":10,"minecraft:nether_quartz_ore":45,"minecraft:glass":1,"minecraft:cobblestone":109,"minecraft:oak_planks":2,"minecraft:wall_torch":22,"create:large_water_wheel":3,"create:basin":4,"minecraft:birch_log":10,"minecraft:wheat":52,"create:mechanical_mixer":3,"dynamictrees:birch_leaves":3,"minecraft:grass":739,"biomesoplenty:clover":37,"minecraft:oak_log":53,"minecraft:dirt":127,"minecraft:netherrack":75,"minecraft:oak_leaves":9,"minecraft:deepslate":268,"minecraft:nether_gold_ore":22,"minecraft:tuff":11,"create:millstone":18,"minecraft:deepslate_diamond_ore":5,"minecraft:oak_door":2,"minecraft:stripped_birch_log":30,"minecraft:nether_bricks":31,"minecraft:glow_lichen":1,"gravestone:gravestone":10,"create:large_cogwheel":20,"create:depot":4,"minecraft:spruce_leaves":583,"minecraft:large_fern":1,"dynamictrees:oak_leaves":2,"create:shaft":11,"minecraft:furnace":25,"minecraft:andesite":7,"minecraft:stripped_spruce_log":1,"minecraft:nether_brick_fence":4,"biomesoplenty:mahogany_leaves":181,"biomesoplenty:high_grass":700,"minecraft:deepslate_iron_ore":30,"minecraft:vine":4,"minecraft:rail":1,"minecraft:stone":267,"biomesoplenty:redwood_planks":54,"minecraft:dandelion":1,"minecraft:crafting_table":17,"biomesoplenty:mahogany_planks":7,"minecraft:sculk_sensor":5,"create:water_wheel":19,"biomesoplenty:high_grass_plant":1462,"minecraft:tall_grass":113,"minecraft:copper_ore":51,"biomesoplenty:huge_clover_petal":23,"biomesoplenty:sprout":1,"minecraft:lapis_ore":2,"minecraft:deepslate_gold_ore":14,"minecraft:sculk":32,"create:water_wheel_structure":4,"create:blaze_burner":1,"biomesoplenty:mahogany_log":266,"biomesoplenty:pink_daffodil":15,"minecraft:spruce_log":311,"minecraft:birch_leaves":1,"minecraft:coal_ore":127,"biomesoplenty:redwood_leaves":79,"minecraft:gravel":10,"biomesoplenty:stripped_redwood_wood":2,"minecraft:cobweb":30,"dynamictrees:oak_sapling":1,"minecraft:chipped_anvil":3,"biomesoplenty:redwood_wood":386,"minecraft:fern":27},"minecraft:dropped":{"minecraft:porkchop":4,"create:millstone":1,"minecraft:lapis_lazuli":6,"minecraft:diamond":6,"biomesoplenty:mahogany_planks":5,"minecraft:dirt":27,"minecraft:raw_copper_block":11,"minecraft:mutton":13,"gravestone:obituary":14,"create:goggles":1,"create:large_cogwheel":6,"minecraft:iron_pickaxe":1,"minecraft:birch_log":189,"minecraft:white_wool":7,"minecraft:gold_ingot":15,"minecraft:bone":12,"minecraft:gravel":5,"dynamictrees:oak_seed":10,"minecraft:cobbled_deepslate":191,"biomesoplenty:redwood_sapling":5,"minecraft:wheat":25,"minecraft:birch_sapling":3,"minecraft:rotten_flesh":2,"minecraft:oak_planks":59,"minecraft:lime_dye":38,"minecraft:gunpowder":2,"minecraft:jungle_log":16,"minecraft:stone_brick_wall":2,"create:brass_ingot":16,"create:wheat_flour":17,"minecraft:arrow":8,"biomesoplenty:mahogany_sapling":18,"minecraft:beef":27,"create:andesite_alloy":5,"minecraft:iron_ingot":20,"biomesoplenty:mahogany_log":192,"minecraft:bread":22,"minecraft:wheat_seeds":76,"dynamictrees:birch_seed":69,"biomesoplenty:redwood_wood":192,"minecraft:feather":3,"minecraft:copper_ingot":70,"minecraft:coal":9,"minecraft:stick":20,"minecraft:torch":70,"minecraft:wooden_hoe":1,"minecraft:cooked_salmon":5,"minecraft:iron_axe":1,"minecraft:string":18,"minecraft:spruce_sapling":1,"minecraft:dandelion":1,"minecraft:redstone":396,"minecraft:raw_copper":55,"minecraft:cocoa_beans":10,"minecraft:raw_iron":2,"minecraft:chicken":2,"biomesoplenty:redwood_planks":13,"minecraft:light_gray_wool":1,"sophisticatedbackpacks:backpack":1,"minecraft:potato":5,"create:dough":10,"create:zinc_ingot":5,"minecraft:spruce_planks":26,"minecraft:iron_chestplate":1,"minecraft:oak_sapling":2,"minecraft:stone_pressure_plate":4,"minecraft:slime_ball":2}},"DataVersion":3465}