{"stats":{"minecraft:custom":{"minecraft:time_since_rest":49344,"minecraft:crouch_one_cm":26919,"minecraft:play_time":49344,"minecraft:sprint_one_cm":81156,"minecraft:damage_taken":225,"minecraft:walk_one_cm":27544,"minecraft:sneak_time":2017,"minecraft:mob_kills":9,"minecraft:drop":8,"minecraft:aviate_one_cm":348348,"minecraft:jump":316,"minecraft:damage_dealt":902,"minecraft:leave_game":5,"minecraft:time_since_death":49344,"minecraft:total_world_time":49344,"minecraft:fall_one_cm":1254,"minecraft:fly_one_cm":184834},"minecraft:picked_up":{"minecraft:rotten_flesh":9,"minecraft:wheat_seeds":1,"minecraft:dandelion":2,"minecraft:iron_ingot":1,"minecraft:mutton":6,"minecraft:dirt":109,"minecraft:white_wool":9,"minecraft:cobblestone":56},"minecraft:killed":{"minecraft:sheep":3,"minecraft:zombie":6},"minecraft:mined":{"minecraft:grass":1,"minecraft:stone":56},"minecraft:used":{"minecraft:lever":1,"minecraft:dirt":37,"minecraft:firework_rocket":10,"minecraft:cobblestone":1,"minecraft:command_block":2,"minecraft:grass_block":55,"slashblade:slashblade":71,"minecraft:elytra":1},"minecraft:dropped":{"minecraft:rotten_flesh":2,"minecraft:mutton":4,"minecraft:white_wool":6}},"DataVersion":3465}