{"stats":{"minecraft:dropped":{"minecraft:porkchop":4,"create:millstone":1,"minecraft:lapis_lazuli":6,"minecraft:diamond":6,"biomesoplenty:mahogany_planks":8,"minecraft:rail":5,"minecraft:dirt":11090,"minecraft:raw_copper_block":11,"minecraft:mutton":13,"gravestone:obituary":22,"create:goggles":1,"create:large_cogwheel":6,"minecraft:iron_pickaxe":1,"minecraft:birch_log":191,"minecraft:white_wool":8,"minecraft:gold_ingot":15,"minecraft:bone":12,"minecraft:gravel":286,"dynamictrees:oak_seed":10,"minecraft:cobbled_deepslate":191,"biomesoplenty:redwood_sapling":5,"minecraft:wheat":25,"minecraft:birch_sapling":3,"minecraft:rotten_flesh":4,"minecraft:oak_planks":59,"minecraft:lime_dye":38,"minecraft:azure_bluet":25,"biomesoplenty:glowing_moss_carpet":1,"minecraft:gunpowder":2,"minecraft:jungle_log":16,"minecraft:stone_brick_wall":2,"create:brass_ingot":16,"create:wheat_flour":17,"minecraft:arrow":8,"biomesoplenty:mahogany_sapling":22,"minecraft:beef":27,"minecraft:quartz":8,"minecraft:netherrack":11,"create:andesite_alloy":62,"minecraft:iron_ingot":49,"biomesoplenty:mahogany_log":192,"minecraft:bread":22,"minecraft:wheat_seeds":157,"dynamictrees:birch_seed":69,"biomesoplenty:redwood_wood":193,"minecraft:feather":3,"minecraft:cobblestone":20846,"minecraft:copper_ingot":70,"minecraft:coal":9,"minecraft:stick":21,"create:andesite_casing":2,"minecraft:wooden_hoe":1,"minecraft:torch":70,"minecraft:cooked_salmon":5,"minecraft:stripped_birch_log":17,"minecraft:iron_axe":1,"minecraft:string":18,"minecraft:spruce_sapling":1,"minecraft:dandelion":1,"minecraft:redstone":406,"minecraft:raw_copper":55,"minecraft:cocoa_beans":10,"minecraft:raw_iron":52,"minecraft:chicken":2,"biomesoplenty:redwood_planks":13,"minecraft:light_gray_wool":1,"sophisticatedbackpacks:backpack":1,"minecraft:potato":5,"create:dough":10,"minecraft:spruce_planks":26,"create:zinc_ingot":5,"minecraft:iron_chestplate":1,"minecraft:andesite":122,"minecraft:oak_sapling":2,"minecraft:stone_pressure_plate":4,"minecraft:slime_ball":2,"minecraft:raw_gold":1,"minecraft:terracotta":151},"minecraft:picked_up":{"minecraft:wheat":275,"minecraft:nether_brick_fence":3,"minecraft:diamond_sword":1,"biomesoplenty:stripped_redwood_wood":2,"minecraft:string":48,"minecraft:raw_copper":217,"minecraft:cooked_salmon":3,"create:water_wheel":19,"create:mechanical_press":33,"create:cart_assembler":38,"minecraft:gold_nugget":127,"minecraft:cobbled_deepslate":455,"minecraft:spruce_planks":78,"dynamictrees:oak_seed":48,"biomesoplenty:redwood_wood":576,"minecraft:melon_slice":131,"minecraft:iron_boots":1,"minecraft:furnace":25,"minecraft:stick":397,"create:mechanical_mixer":2,"create:dough":2,"minecraft:torch":188,"create:andesite_casing":93,"minecraft:porkchop":23,"ironchest:gold_chest":2,"minecraft:diorite":11,"ironchest:diamond_chest":1,"create:large_cogwheel":25,"minecraft:rotten_flesh":16,"biomesoplenty:mahogany_sapling":40,"minecraft:iron_block":1,"minecraft:blaze_rod":10,"minecraft:obsidian":34,"minecraft:cobblestone":6586,"minecraft:furnace_minecart":3,"minecraft:birch_log":467,"minecraft:feather":8,"minecraft:andesite":186,"minecraft:jungle_log":34,"minecraft:smoker":1,"minecraft:potato":199,"ironchest:copper_chest":1,"minecraft:flint":3,"minecraft:tuff":11,"minecraft:lapis_lazuli":6,"minecraft:stripped_birch_log":69,"minecraft:dirt":2095,"create:mechanical_plough":1,"minecraft:bone":20,"minecraft:chipped_anvil":3,"minecraft:wheat_seeds":972,"minecraft:raw_gold":7,"create:mechanical_drill":12,"create:goggles":1,"create:shaft":31,"create:super_glue":1,"minecraft:oak_planks":50,"biomesoplenty:mahogany_planks":16,"biomesoplenty:clover":3,"minecraft:cooked_porkchop":5,"create:cogwheel":21,"minecraft:poisonous_potato":1,"minecraft:stripped_spruce_log":1,"sophisticatedbackpacks:iron_backpack":1,"irons_spellbooks:blaze_spell_book":3,"minecraft:diamond":6,"minecraft:lever":38,"minecraft:granite":2,"minecraft:bread":28,"biomesoplenty:pink_daffodil":5,"minecraft:oak_sapling":3,"minecraft:netherrack":87,"minecraft:diamond_pickaxe":1,"minecraft:cocoa_beans":20,"minecraft:charcoal":6,"minecraft:crafting_table":16,"minecraft:azure_bluet":83,"minecraft:chicken":8,"minecraft:stone_brick_wall":2,"gravestone:obituary":4,"minecraft:iron_axe":1,"biomesoplenty:black_sand":2,"minecraft:beef":73,"create:basin":4,"minecraft:iron_nugget":53,"minecraft:light_gray_wool":2,"minecraft:chest":24,"minecraft:birch_sapling":3,"create:linear_chassis":19,"minecraft:raw_copper_block":11,"minecraft:egg":1,"minecraft:raw_iron":297,"minecraft:oak_door":3,"create:golden_sheet":3,"minecraft:copper_ingot":44,"ironchest:iron_chest":1,"sophisticatedbackpacks:backpack":1,"minecraft:redstone":657,"minecraft:stone_pressure_plate":4,"create:zinc_ingot":24,"create:deployer":3,"biomesoplenty:redwood_planks":75,"minecraft:arrow":20,"minecraft:nether_bricks":30,"create:depot":4,"minecraft:gold_ingot":1,"biomesoplenty:redwood_sapling":10,"minecraft:mutton":36,"minecraft:rail":223,"minecraft:white_wool":16,"create:iron_sheet":23,"create:brass_sheet":8,"minecraft:salmon":9,"minecraft:leather":12,"minecraft:oak_log":96,"create:andesite_alloy":81,"minecraft:gunpowder":6,"create:blaze_burner":1,"minecraft:wooden_hoe":1,"biomesoplenty:glowing_moss_carpet":1,"minecraft:apple":3,"minecraft:iron_ingot":60,"dynamictrees:birch_seed":98,"create:large_water_wheel":7,"minecraft:quartz":158,"minecraft:dandelion":4,"minecraft:gravel":304,"minecraft:spruce_sapling":35,"minecraft:white_bed":2,"minecraft:spruce_log":306,"create:wheat_flour":20,"biomesoplenty:mahogany_log":460,"create:millstone":19,"minecraft:lime_dye":59,"minecraft:slime_ball":4,"create:brass_ingot":8,"minecraft:terracotta":154,"minecraft:coal":279},"minecraft:broken":{"minecraft:stone_pickaxe":1,"minecraft:stone_axe":1,"minecraft:shield":1,"minecraft:iron_axe":2,"minecraft:iron_pickaxe":2,"minecraft:wooden_hoe":1},"minecraft:mined":{"minecraft:spruce_planks":26,"minecraft:white_bed":2,"minecraft:farmland":7,"create:andesite_casing":90,"minecraft:jungle_leaves":1,"minecraft:obsidian":36,"minecraft:granite":5,"minecraft:grass_block":907,"minecraft:stone_brick_wall":1,"minecraft:jungle_log":18,"ironchest:copper_chest":1,"minecraft:sculk_catalyst":1,"minecraft:iron_ore":122,"minecraft:cobbled_deepslate":5,"minecraft:fire":34,"ironchest:gold_chest":2,"minecraft:deepslate_lapis_ore":2,"minecraft:azure_bluet":42,"minecraft:sculk_shrieker":2,"create:mechanical_plough":1,"minecraft:iron_bars":5,"minecraft:iron_block":1,"create:mechanical_press":33,"minecraft:deepslate_redstone_ore":16,"create:cogwheel":17,"minecraft:smoker":1,"minecraft:torch":77,"minecraft:melon":21,"minecraft:chest":18,"minecraft:glass":1,"minecraft:nether_quartz_ore":45,"minecraft:cobblestone":255,"minecraft:oak_planks":2,"minecraft:wall_torch":33,"create:large_water_wheel":3,"create:basin":4,"minecraft:birch_log":10,"minecraft:wheat":286,"create:mechanical_mixer":3,"ironchest:diamond_chest":1,"dynamictrees:birch_leaves":3,"minecraft:grass":783,"biomesoplenty:clover":102,"minecraft:oak_log":53,"minecraft:dirt":769,"create:linear_chassis":19,"minecraft:netherrack":85,"minecraft:deepslate":268,"minecraft:oak_leaves":9,"minecraft:nether_gold_ore":22,"minecraft:tuff":11,"create:millstone":18,"minecraft:dark_oak_leaves":1,"minecraft:deepslate_diamond_ore":5,"minecraft:oak_door":2,"minecraft:stripped_birch_log":52,"minecraft:nether_bricks":31,"minecraft:glow_lichen":1,"minecraft:lever":2,"gravestone:gravestone":17,"create:large_cogwheel":20,"create:depot":4,"minecraft:spruce_leaves":583,"minecraft:large_fern":2,"dynamictrees:oak_leaves":2,"minecraft:redstone_ore":10,"create:shaft":12,"minecraft:furnace":26,"minecraft:andesite":70,"minecraft:stripped_spruce_log":1,"minecraft:nether_brick_fence":4,"minecraft:potatoes":57,"create:cart_assembler":32,"biomesoplenty:high_grass":700,"minecraft:deepslate_iron_ore":30,"biomesoplenty:mahogany_leaves":181,"minecraft:vine":4,"minecraft:rail":167,"ironchest:iron_chest":1,"create:deployer":3,"minecraft:stone":413,"biomesoplenty:redwood_planks":62,"biomesoplenty:black_sand":2,"minecraft:dandelion":1,"minecraft:crafting_table":17,"biomesoplenty:mahogany_planks":11,"minecraft:sculk_sensor":5,"create:water_wheel":19,"biomesoplenty:high_grass_plant":1462,"minecraft:copper_ore":51,"minecraft:tall_grass":113,"minecraft:lapis_ore":2,"minecraft:deepslate_gold_ore":14,"biomesoplenty:sprout":1,"biomesoplenty:huge_clover_petal":80,"minecraft:sculk":32,"minecraft:diorite":11,"create:water_wheel_structure":4,"create:blaze_burner":1,"biomesoplenty:mahogany_log":273,"biomesoplenty:pink_daffodil":15,"minecraft:spruce_log":311,"minecraft:birch_leaves":1,"create:mechanical_drill":12,"minecraft:coal_ore":136,"biomesoplenty:redwood_leaves":79,"minecraft:gravel":23,"biomesoplenty:stripped_redwood_wood":2,"minecraft:cobweb":30,"dynamictrees:oak_sapling":1,"minecraft:terracotta":3,"minecraft:chipped_anvil":3,"biomesoplenty:redwood_wood":390,"minecraft:fern":35},"minecraft:killed_by":{"minecraft:player":1},"minecraft:crafted":{"minecraft:oak_planks":144,"minecraft:cooked_chicken":4,"biomesoplenty:redwood_slab":6,"minecraft:lever":2,"create:deployer":2,"minecraft:cooked_mutton":10,"minecraft:spruce_pressure_plate":2,"minecraft:raw_copper":99,"create:cart_assembler":1,"create:mechanical_press":1,"minecraft:chest":49,"minecraft:rail":48,"create:cogwheel":9,"create:brass_hand":2,"minecraft:raw_iron_block":3,"create:mechanical_plough":1,"minecraft:furnace_minecart":1,"create:depot":1,"sophisticatedbackpacks:backpack":3,"create:rose_quartz":2,"minecraft:cooked_porkchop":10,"minecraft:crafting_table":6,"minecraft:spruce_planks":488,"minecraft:iron_helmet":1,"minecraft:wooden_pickaxe":1,"minecraft:copper_ingot":140,"minecraft:birch_planks":36,"create:mechanical_mixer":1,"minecraft:wooden_hoe":1,"minecraft:iron_chestplate":2,"minecraft:charcoal":14,"create:water_wheel":2,"minecraft:shield":1,"create:super_glue":2,"minecraft:stick":84,"create:white_seat":1,"minecraft:iron_ingot":235,"minecraft:iron_pickaxe":3,"minecraft:iron_block":1,"minecraft:gold_ingot":22,"create:large_cogwheel":7,"create:empty_blaze_burner":1,"minecraft:oak_door":6,"minecraft:raw_iron":27,"minecraft:coal":99,"create:wrench":1,"minecraft:iron_nugget":576,"biomesoplenty:mahogany_planks":20,"minecraft:furnace":4,"minecraft:bone_meal":24,"minecraft:raw_copper_block":11,"minecraft:flint_and_steel":1,"minecraft:iron_axe":3,"minecraft:iron_hoe":1,"create:millstone":1,"minecraft:stone_pickaxe":1,"create:basin":1,"create:electron_tube":2,"minecraft:minecart":1,"sophisticatedbackpacks:iron_backpack":1,"minecraft:cooked_beef":23,"minecraft:coal_block":11,"ironchest:gold_chest":3,"create:andesite_alloy":287,"biomesoplenty:redwood_pressure_plate":2,"biomesoplenty:redwood_planks":348,"create:dough":4,"create:goggles":1,"create:large_water_wheel":1,"minecraft:cooked_salmon":6,"ironchest:copper_chest":6,"minecraft:bucket":2,"minecraft:stone_axe":1,"minecraft:bread":24,"minecraft:air":0,"create:whisk":1,"create:linear_chassis":24,"minecraft:wooden_axe":1,"minecraft:iron_shovel":2,"minecraft:iron_leggings":1,"minecraft:white_bed":1,"create:mechanical_drill":81,"create:shaft":40,"minecraft:torch":344,"create:zinc_ingot":27,"ironchest:iron_chest":6},"minecraft:killed":{"minecraft:skeleton":10,"minecraft:chicken":3,"minecraft:pig":7,"minecraft:salmon":13,"minecraft:creeper":1,"minecraft:sheep":9,"minecraft:zombie":15,"minecraft:blaze":13,"minecraft:cow":10,"minecraft:drowned":2,"mowziesmobs:grottol":1,"graveyard:ghoul":1},"minecraft:used":{"minecraft:nether_brick_fence":3,"create:deployer":5,"minecraft:iron_shovel":1632,"minecraft:elytra":1,"minecraft:chest":58,"minecraft:shield":44,"minecraft:rotten_flesh":3,"minecraft:iron_chestplate":1,"create:cogwheel":40,"minecraft:nether_bricks":28,"ironchest:iron_chest":1,"create:depot":5,"minecraft:furnace_minecart":4,"minecraft:tuff":11,"minecraft:azure_bluet":57,"minecraft:obsidian":10,"minecraft:glass":91,"minecraft:lava_bucket":7,"minecraft:grass_block":56,"create:millstone":20,"create:shaft":16,"minecraft:oak_sapling":1,"minecraft:furnace":28,"create:mechanical_drill":93,"minecraft:egg":1,"minecraft:potato":257,"minecraft:diorite":11,"minecraft:stripped_birch_log":34,"minecraft:oak_planks":1,"minecraft:stone_pickaxe":132,"minecraft:wooden_pickaxe":4,"ironchest:copper_chest":1,"minecraft:lever":40,"minecraft:firework_rocket":10,"minecraft:melon_slice":96,"minecraft:bread":35,"create:andesite_casing":1,"minecraft:gravel":18,"create:white_seat":1,"minecraft:diamond_sword":209,"create:basin":5,"minecraft:andesite":40,"minecraft:poisonous_potato":1,"minecraft:birch_log":55,"minecraft:bone_meal":114,"create:large_cogwheel":36,"biomesoplenty:clover":3,"biomesoplenty:mahogany_planks":20,"minecraft:flint_and_steel":22,"biomesoplenty:redwood_planks":120,"minecraft:spruce_planks":267,"minecraft:cooked_salmon":4,"dynamictrees:oak_seed":4,"minecraft:cooked_chicken":4,"minecraft:netherrack":75,"minecraft:oak_door":4,"minecraft:torch":523,"minecraft:dirt":1221,"ironchest:diamond_chest":1,"create:mechanical_mixer":4,"create:mechanical_plough":2,"minecraft:granite":2,"minecraft:iron_hoe":179,"minecraft:wooden_axe":13,"minecraft:chipped_anvil":3,"create:wrench":251,"minecraft:iron_axe":1605,"biomesoplenty:redwood_wood":108,"slashblade:slashblade":71,"minecraft:jungle_log":2,"create:cart_assembler":42,"ironchest:gold_chest":4,"minecraft:cooked_beef":23,"minecraft:cobbled_deepslate":49,"minecraft:iron_leggings":1,"biomesoplenty:black_sand":2,"minecraft:wheat_seeds":312,"minecraft:cooked_mutton":10,"minecraft:water_bucket":166,"minecraft:birch_planks":3,"biomesoplenty:mahogany_log":71,"create:blaze_burner":2,"create:furnace_minecart_contraption":48,"minecraft:terracotta":3,"minecraft:rail":245,"minecraft:crafting_table":22,"minecraft:white_bed":3,"minecraft:spruce_log":30,"create:linear_chassis":34,"minecraft:wooden_hoe":748,"minecraft:diamond_pickaxe":1438,"minecraft:apple":3,"create:mechanical_press":35,"biomesoplenty:pink_daffodil":5,"minecraft:command_block":2,"minecraft:iron_pickaxe":509,"minecraft:spruce_pressure_plate":2,"create:water_wheel":21,"create:large_water_wheel":8,"minecraft:stone_axe":112,"minecraft:cobblestone":463,"minecraft:cooked_porkchop":15,"minecraft:bucket":178,"minecraft:dandelion":1},"minecraft:custom":{"lootr:looted_stat":6,"minecraft:interact_with_crafting_table":179,"minecraft:open_barrel":2,"goblintraders:trade_with_goblin":47,"minecraft:eat_cake_slice":6,"minecraft:leave_game":18,"minecraft:time_since_death":5611,"minecraft:sprint_one_cm":2010919,"minecraft:damage_blocked_by_shield":2295,"minecraft:drop":816,"minecraft:talked_to_villager":2,"minecraft:play_time":831554,"minecraft:deaths":19,"minecraft:jump":9867,"minecraft:walk_on_water_one_cm":124483,"minecraft:interact_with_furnace":212,"minecraft:sleep_in_bed":31,"minecraft:waystone_activated":2,"minecraft:damage_dealt":11847,"minecraft:crouch_one_cm":291754,"minecraft:interact_with_anvil":9,"minecraft:mob_kills":85,"minecraft:damage_dealt_resisted":385,"minecraft:climb_one_cm":474,"minecraft:walk_one_cm":1716166,"minecraft:sneak_time":75696,"minecraft:walk_under_water_one_cm":60413,"minecraft:total_world_time":831554,"minecraft:time_since_rest":5639,"minecraft:damage_taken":13286,"minecraft:swim_one_cm":70598,"minecraft:fly_one_cm":2283941,"minecraft:open_chest":363,"minecraft:aviate_one_cm":348348,"minecraft:fall_one_cm":252263}},"DataVersion":3465}